-- phpMyAdmin SQL Dump
-- version 4.1.14
-- http://www.phpmyadmin.net
--
-- Host: 127.0.0.1
-- Generation Time: Jul 25, 2015 at 08:13 AM
-- Server version: 5.6.23-log
-- PHP Version: 5.5.12

SET SQL_MODE = "NO_AUTO_VALUE_ON_ZERO";
SET time_zone = "+00:00";


/*!40101 SET @OLD_CHARACTER_SET_CLIENT=@@CHARACTER_SET_CLIENT */;
/*!40101 SET @OLD_CHARACTER_SET_RESULTS=@@CHARACTER_SET_RESULTS */;
/*!40101 SET @OLD_COLLATION_CONNECTION=@@COLLATION_CONNECTION */;
/*!40101 SET NAMES utf8 */;

--
-- Database: `flushingfood`
--

-- --------------------------------------------------------

--
-- Table structure for table `description`
--

CREATE TABLE IF NOT EXISTS `description` (
  `phone` varchar(15) NOT NULL,
  `description` varchar(1000) DEFAULT NULL,
  PRIMARY KEY (`phone`)
) ENGINE=InnoDB DEFAULT CHARSET=latin1;

-- --------------------------------------------------------

--
-- Table structure for table `geodata`
--

CREATE TABLE IF NOT EXISTS `geodata` (
  `phone` varchar(15) NOT NULL,
  `latitude` varchar(20) DEFAULT NULL,
  `longitude` varchar(20) DEFAULT NULL,
  PRIMARY KEY (`phone`)
) ENGINE=InnoDB DEFAULT CHARSET=latin1;

--
-- Dumping data for table `geodata`
--

INSERT INTO `geodata` (`phone`, `latitude`, `longitude`) VALUES
('(347) 368-4471', '40.7666136', '-73.7896131'),
('(347) 368-6557', '40.7610935', '-73.8040319'),
('(347) 368-6735', '40.7587756', '-73.8330519'),
('(347) 368-6755', '40.7605112', '-73.83340559999999'),
('(347) 369-6191', '40.7601344', '-73.8263839'),
('(347) 732-0329', '40.7629604', '-73.8308029'),
('(347) 757-8208', '40.757178', '-73.829437'),
('(347) 799-1344', '40.7004988', '-73.9013944'),
('(347) 822-8082', '40.759222', '-73.8318649'),
('(646) 318-9586', '40.7593211', '-73.8290528'),
('(646) 535-3390', '40.759167', '-73.830497'),
('(646) 573-5508', '40.76052500000001', '-73.83227099999999'),
('(646) 798-0338', '40.7701871', '-73.7934781'),
('(646) 881-6992', '40.7587756', '-73.8330519'),
('(646) 915-7853', '40.7587756', '-73.8330519'),
('(718) 224-1717', '40.7523954', '-73.7857614'),
('(718) 225-7455', '40.7576359', '-73.788966'),
('(718) 225-8000', '40.7577566', '-73.78421000000002'),
('(718) 268-1818', '40.7246014', '-73.820371'),
('(718) 279-7080', '40.757582', '-73.7838871'),
('(718) 304-0211', '40.7722519', '-73.84539269999999'),
('(718) 304-5257', '40.7599724', '-73.803814'),
('(718) 308-6582', '40.7607984', '-73.8269499'),
('(718) 321-0185', '40.7613075', '-73.80304869999999'),
('(718) 321-0506', '40.766316', '-73.78936500000002'),
('(718) 321-0775', '40.7646173', '-73.8231548'),
('(718) 321-0800', '40.760178', '-73.83302599999999'),
('(718) 321-0904', '40.7597325', '-73.8325428'),
('(718) 321-1363', '40.75868759999999', '-73.8315744'),
('(718) 321-1599', '40.7653624', '-73.8200521'),
('(718) 321-1616', '40.758854', '-73.83081'),
('(718) 321-1759', '40.76020889999999', '-73.8293716'),
('(718) 321-2007', '40.764641', '-73.8121693'),
('(718) 321-2226', '40.7460806', '-73.8257817'),
('(718) 321-2231', '40.7642181', '-73.828262'),
('(718) 321-2770', '40.7633477', '-73.80693370000002'),
('(718) 321-2828', '40.7593211', '-73.8290528'),
('(718) 321-2886', '40.7593211', '-73.8290528'),
('(718) 321-3231', '40.763396', '-73.8069908'),
('(718) 321-3688', '40.7519411', '-73.82688569999999'),
('(718) 321-3818', '40.7636712', '-73.80792629999999'),
('(718) 321-3838', '40.7598502', '-73.8326589'),
('(718) 321-7309', '40.7558896', '-73.8339551'),
('(718) 321-7388', '40.758854', '-73.83081'),
('(718) 321-7770', '40.7627062', '-73.8038555'),
('(718) 321-8258', '40.7590825', '-73.8294362'),
('(718) 321-8298', '40.7539142', '-73.8224661'),
('(718) 321-8566', '40.7596083', '-73.8304685'),
('(718) 321-8818', '40.764769', '-73.8315499'),
('(718) 321-8822', '40.7436134', '-73.8259441'),
('(718) 321-9385', '40.7676605', '-73.7906891'),
('(718) 352-8899', '40.7698624', '-73.7895186'),
('(718) 353-0077', '40.765247', '-73.8148805'),
('(718) 353-0081', '40.76366549999999', '-73.8079092'),
('(718) 353-0278', '40.7610489', '-73.83084869999999'),
('(718) 353-0551', '40.7593211', '-73.8290528'),
('(718) 353-0690', '40.7646369', '-73.82300289999999'),
('(718) 353-0730', '40.7506631', '-73.8180619'),
('(718) 353-1123', '40.7632827', '-73.82827069999999'),
('(718) 353-1166', '40.7593244', '-73.830457'),
('(718) 353-1575', '40.75950539999999', '-73.83196819999999'),
('(718) 353-1808', '40.7632692', '-73.8295468'),
('(718) 353-1888', '40.759986', '-73.8327709'),
('(718) 353-2901', '40.7587819', '-73.830996'),
('(718) 353-3530', '40.7652537', '-73.81786149999999'),
('(718) 353-3955', '40.7715326', '-73.81535819999999'),
('(718) 353-4006', '40.76219450000001', '-73.8046492'),
('(718) 353-4200', '40.7601089', '-73.8264806'),
('(718) 353-5330', '40.7633894', '-73.80696979999999'),
('(718) 353-5576', '40.76429479999999', '-73.80982159999999'),
('(718) 353-5577', '40.753412', '-73.8218728'),
('(718) 353-5707', '40.7533775', '-73.8218187'),
('(718) 353-5791', '40.745482', '-73.82565'),
('(718) 353-6265', '40.758158', '-73.82985099999999'),
('(718) 353-7313', '40.7627874', '-73.8052809'),
('(718) 353-7327', '40.7593211', '-73.8290528'),
('(718) 353-7683', '40.758158', '-73.82985099999999'),
('(718) 353-8160', '40.759339', '-73.82694699999999'),
('(718) 353-8188', '40.7568178', '-73.8340858'),
('(718) 353-8998', '40.76104309999999', '-73.8332678'),
('(718) 353-9538', '40.7606738', '-73.8330235'),
('(718) 357-3798', '40.7524027', '-73.7858023'),
('(718) 357-6528', '40.752124', '-73.788325'),
('(718) 357-6596', '40.7579363', '-73.7846319'),
('(718) 358-0002', '40.766793', '-73.822546'),
('(718) 358-0215', '40.7587756', '-73.8330519'),
('(718) 358-0288', '40.7546369', '-73.82769449999999'),
('(718) 358-0666', '40.7608139', '-73.8302081'),
('(718) 358-0888', '40.7603239', '-73.8324959'),
('(718) 358-1818', '40.758913', '-73.8306659'),
('(718) 358-1835', '40.757634', '-73.82858999999999'),
('(718) 358-1883', '40.7549757', '-73.82843319999999'),
('(718) 358-2333', '40.7675449', '-73.7905852'),
('(718) 358-3333', '40.7623033', '-73.8032173'),
('(718) 358-3355', '40.762528', '-73.815142'),
('(718) 358-3500', '40.7593211', '-73.8290528'),
('(718) 358-3869', '40.7629785', '-73.8281334'),
('(718) 358-4706', '40.7667599', '-73.7897098'),
('(718) 358-5037', '40.7560382', '-73.8047601'),
('(718) 358-5959', '40.7652649', '-73.8177402'),
('(718) 358-6667', '40.7624427', '-73.8311101'),
('(718) 358-8300', '40.7650999', '-73.8135108'),
('(718) 358-8855', '40.7593211', '-73.8290528'),
('(718) 358-8878', '40.7598758', '-73.8303083'),
('(718) 358-9810', '40.7550779', '-73.8281196'),
('(718) 359-0810', '40.7688082', '-73.8360247'),
('(718) 359-1227', '40.762493', '-73.82782929999999'),
('(718) 359-1313', '40.7701812', '-73.7933364'),
('(718) 359-1601', '40.75950539999999', '-73.83196819999999'),
('(718) 359-2108', '40.753104', '-73.826931'),
('(718) 359-2324', '40.7635099', '-73.828298'),
('(718) 359-2393', '40.751591', '-73.825777'),
('(718) 359-2624', '40.7624571', '-73.8017792'),
('(718) 359-4583', '40.7621723', '-73.80299649999999'),
('(718) 359-4888', '40.755377', '-73.815716'),
('(718) 359-5454', '40.7675833', '-73.7903848'),
('(718) 359-6655', '40.758296', '-73.829922'),
('(718) 359-6888', '40.7620607', '-73.8148621'),
('(718) 359-7148', '40.7543036', '-73.8224577'),
('(718) 359-8600', '40.7599955', '-73.83128719999999'),
('(718) 359-8698', '40.7672676', '-73.820882'),
('(718) 395-8119', '40.7617056', '-73.8296084'),
('(718) 395-8188', '40.759974', '-73.833541'),
('(718) 423-4888', '40.7795949', '-73.79417880000001'),
('(718) 428-3800', '40.7580883', '-73.7868704'),
('(718) 445-0579', '40.7692995', '-73.8344778'),
('(718) 445-0806', '40.7623597', '-73.80476019999999'),
('(718) 445-1165', '40.7613084', '-73.8267473'),
('(718) 445-1313', '40.76033', '-73.82813'),
('(718) 445-2162', '40.7674093', '-73.8210271'),
('(718) 445-3155', '40.77146510000001', '-73.8265948'),
('(718) 445-3352', '40.7636968', '-73.83117829999999'),
('(718) 445-4850', '40.757945', '-73.7954139'),
('(718) 445-7800', '40.7569735', '-73.83535789999999'),
('(718) 445-8500', '40.764463', '-73.82253'),
('(718) 445-9799', '40.7434878', '-73.8259411'),
('(718) 460-0088', '40.7559809', '-73.8047801'),
('(718) 460-0500', '40.7625103', '-73.80488919999999'),
('(718) 460-1044', '40.7650989', '-73.81349949999999'),
('(718) 460-1266', '40.7647118', '-73.8148946'),
('(718) 460-1894', '40.764824', '-73.814351'),
('(718) 460-4266', '40.7580302', '-73.79557779999999'),
('(718) 460-6200', '40.7602179', '-73.82758609999999'),
('(718) 460-8018', '40.7579589', '-73.8285403'),
('(718) 460-8484', '40.7528258', '-73.8169913'),
('(718) 460-8686', '40.7575194', '-73.8288431'),
('(718) 460-8787', '40.7551876', '-73.82798679999999'),
('(718) 460-8800', '40.75636720000001', '-73.8316193'),
('(718) 460-9289', '40.7620155', '-73.81482439999999'),
('(718) 461-0065', '40.739764', '-73.81514469999999'),
('(718) 461-0808', '40.7546369', '-73.82769449999999'),
('(718) 461-0909', '40.7638912', '-73.8269031'),
('(718) 461-1313', '40.7582702', '-73.8291107'),
('(718) 461-1888', '40.7540241', '-73.8329886'),
('(718) 461-1919', '40.7539473', '-73.8273029'),
('(718) 461-3030', '40.7638912', '-73.8269031'),
('(718) 461-6100', '40.765817', '-73.78914809999999'),
('(718) 461-8686', '40.7600184', '-73.83283279999999'),
('(718) 461-8826', '40.7529952', '-73.7927457'),
('(718) 463-0803', '40.7581581', '-73.8289053'),
('(718) 463-2218', '40.7587648', '-73.829714'),
('(718) 463-2477', '40.7613878', '-73.80354969999999'),
('(718) 463-2520', '40.7596116', '-73.8262441'),
('(718) 463-4343', '40.75417830000001', '-73.8228292'),
('(718) 539-0104', '40.7572504', '-73.82240270000001'),
('(718) 539-3180', '40.751886', '-73.8260645'),
('(718) 539-4100', '40.7537952', '-73.822344'),
('(718) 539-4596', '40.763238', '-73.814949'),
('(718) 539-5000', '40.7647686', '-73.8230471'),
('(718) 539-5115', '40.758926', '-73.832701'),
('(718) 544-1014', '40.7269921', '-73.822366'),
('(718) 578-7677', '40.7590497', '-73.8358525'),
('(718) 661-0008', '40.75055529999999', '-73.8194414'),
('(718) 661-0900', '40.7584609', '-73.83075199999999'),
('(718) 661-1544', '40.7609451', '-73.8024628'),
('(718) 661-1616', '40.750685', '-73.8195068'),
('(718) 661-2882', '40.7434246', '-73.8259447'),
('(718) 661-4567', '40.7637119', '-73.808048'),
('(718) 661-6655', '40.7588413', '-73.8289593'),
('(718) 661-9292', '40.7621889', '-73.8154605'),
('(718) 670-7400', '40.7596715', '-73.83160529999999'),
('(718) 690-2206', '40.758869', '-73.832852'),
('(718) 709-8373', '40.7607266', '-73.8306857'),
('(718) 713-0308', '40.7608044', '-73.8296149'),
('(718) 762-1818', '40.7590465', '-73.8285063'),
('(718) 762-1955', '40.758802', '-73.830952'),
('(718) 762-2664', '40.7589104', '-73.83275650000002'),
('(718) 762-2799', '40.7600219', '-73.80041109999999'),
('(718) 762-2874', '40.7574966', '-73.8250302'),
('(718) 762-6151', '40.7584944', '-73.82952159999999'),
('(718) 762-6277', '40.761179', '-73.830153'),
('(718) 762-8821', '40.7603288', '-73.8292163'),
('(718) 762-9313', '40.758924', '-73.830612'),
('(718) 819-2121', '40.7581231', '-73.7875262'),
('(718) 819-2171', '40.7581296', '-73.7874367'),
('(718) 877-8588', '40.752203', '-73.82710399999999'),
('(718) 886-0800', '40.7623544', '-73.8147324'),
('(718) 886-1118', '40.7679324', '-73.7902531'),
('(718) 886-1516', '40.749917', '-73.81878800000001'),
('(718) 886-1555', '40.74401', '-73.8260533'),
('(718) 886-1558', '40.7499535', '-73.8186006'),
('(718) 886-1833', '40.7534333', '-73.8226858'),
('(718) 886-2294', '40.757178', '-73.829437'),
('(718) 886-2618', '40.7589929', '-73.83364499999999'),
('(718) 886-2676', '40.749953', '-73.81882499999999'),
('(718) 886-3026', '40.7641952', '-73.8316718'),
('(718) 886-3118', '40.7434246', '-73.8259447'),
('(718) 886-3223', '40.7713861', '-73.8269576'),
('(718) 886-3266', '40.7601218', '-73.83018100000001'),
('(718) 886-3302', '40.760606', '-73.8329945'),
('(718) 886-3382', '40.7581507', '-73.8295407'),
('(718) 886-3386', '40.7569735', '-73.83535789999999'),
('(718) 886-3622', '40.753275', '-73.82711619999999'),
('(718) 886-4123', '40.76456779999999', '-73.8113937'),
('(718) 886-4568', '40.7608666', '-73.8307937'),
('(718) 886-4733', '40.7675863', '-73.7910626'),
('(718) 886-4828', '40.763794', '-73.831811'),
('(718) 886-4855', '40.7554185', '-73.8157492'),
('(718) 886-5595', '40.7603239', '-73.8324959'),
('(718) 886-6331', '40.75950539999999', '-73.83196819999999'),
('(718) 886-6610', '40.7593211', '-73.8290528'),
('(718) 886-6693', '40.74257739999999', '-73.8254164'),
('(718) 886-6886', '40.76219450000001', '-73.8046492'),
('(718) 886-7366', '40.7611508', '-73.8303347'),
('(718) 886-8100', '40.7632644', '-73.8087592'),
('(718) 886-8233', '40.7615159', '-73.8321798'),
('(718) 886-8281', '40.75151400000001', '-73.825705'),
('(718) 886-8526', '40.7605752', '-73.8298118'),
('(718) 886-8668', '40.7605342', '-73.8333431'),
('(718) 886-8788', '40.7434878', '-73.8259411'),
('(718) 886-8895', '40.755339', '-73.814735'),
('(718) 886-8972', '40.761745', '-73.83161199999999'),
('(718) 886-9288', '40.7599528', '-73.8327345'),
('(718) 886-9292', '40.76077', '-73.80420590000001'),
('(718) 886-9500', '40.763104', '-73.82827499999999'),
('(718) 886-9880', '40.761004', '-73.830865'),
('(718) 888-0001', '40.76461279999999', '-73.8120227'),
('(718) 888-0011', '40.755074', '-73.82771699999999'),
('(718) 888-0200', '40.7627613', '-73.8052028'),
('(718) 888-0589', '40.7580785', '-73.8297046'),
('(718) 888-0633', '40.758066', '-73.79162099999999'),
('(718) 888-0711', '40.76126240000001', '-73.83238829999999'),
('(718) 888-0997', '40.76024', '-73.826965'),
('(718) 888-1111', '40.7611159', '-73.8305506'),
('(718) 888-1133', '40.7657852', '-73.83148179999999'),
('(718) 888-1245', '40.7620996', '-73.8030864'),
('(718) 888-1268', '40.75950539999999', '-73.83196819999999'),
('(718) 888-1633', '40.75950539999999', '-73.83196819999999'),
('(718) 888-1636', '40.75950539999999', '-73.83196819999999'),
('(718) 888-1781', '40.7611909', '-73.8300579'),
('(718) 888-3100', '40.7607315', '-73.8268925'),
('(718) 888-7713', '40.75793609999999', '-73.82957660000001'),
('(718) 888-7734', '40.7577678', '-73.7916566'),
('(718) 888-7790', '40.763124', '-73.80573869999999'),
('(718) 888-7892', '40.7646561', '-73.82285329999999'),
('(718) 888-7955', '40.764891', '-73.81072600000002'),
('(718) 888-8998', '40.7495866', '-73.8179911'),
('(718) 888-9295', '40.75868759999999', '-73.8315744'),
('(718) 888-9388', '40.7611623', '-73.83257809999999'),
('(718) 888-9655', '40.7654095', '-73.8197976'),
('(718) 888-9890', '40.7611914', '-73.8309227'),
('(718) 939-0003', '40.759374', '-73.82679499999999'),
('(718) 939-0925', '40.7760223', '-73.8244026'),
('(718) 939-1188', '40.7436134', '-73.8259441'),
('(718) 939-1616', '40.7701871', '-73.7934781'),
('(718) 939-2025', '40.758854', '-73.83081'),
('(718) 939-2255', '40.7643006', '-73.8103005'),
('(718) 939-2822', '40.76512779999999', '-73.8281355'),
('(718) 939-2915', '40.7633877', '-73.80696449999999'),
('(718) 939-3330', '40.75950539999999', '-73.83196819999999'),
('(718) 939-3489', '40.76031529999999', '-73.82647109999999'),
('(718) 939-3501', '40.76187669999999', '-73.8306391'),
('(718) 939-3633', '40.758925', '-73.82878099999999'),
('(718) 939-3808', '40.7606738', '-73.8330235'),
('(718) 939-5468', '40.7599913', '-73.83104569999999'),
('(718) 939-5520', '40.7583823', '-73.8293161'),
('(718) 939-5868', '40.7646289', '-73.8120977'),
('(718) 939-7252', '40.76411299999999', '-73.810315'),
('(718) 939-7374', '40.7605829', '-73.8015887'),
('(718) 939-7770', '40.761922', '-73.815417'),
('(718) 939-7788', '40.7824483', '-73.8460186'),
('(718) 939-8080', '40.76366549999999', '-73.8079092'),
('(718) 939-8999', '40.75227719999999', '-73.8266873'),
('(718) 939-9292', '40.7639077', '-73.80868889999999'),
('(718) 961-0263', '40.7455975', '-73.82567900000001'),
('(718) 961-0800', '40.765154', '-73.8140925'),
('(718) 961-1388', '40.74300179999999', '-73.82581789999999'),
('(718) 961-1668', '40.7605964', '-73.8251867'),
('(718) 961-2322', '40.76077009999999', '-73.8327455'),
('(718) 961-2599', '40.7684456', '-73.8298445'),
('(718) 961-3094', '40.7544637', '-73.8170987'),
('(718) 961-3122', '40.765182', '-73.81845179999999'),
('(718) 961-4444', '40.7629702', '-73.8051335'),
('(718) 961-4742', '40.7716279', '-73.8265961'),
('(718) 961-5100', '40.76527979999999', '-73.81756759999999'),
('(718) 961-6161', '40.7536924', '-73.7941883'),
('(718) 961-7500', '40.758595', '-73.830434'),
('(718) 961-8877', '40.758925', '-73.82878099999999'),
('(718) 961-8900', '40.7572907', '-73.8286956'),
('(917) 285-2052', '40.7505648', '-73.8186762'),
('(917) 285-2223', '40.7628169', '-73.8280638'),
('(917) 285-2516', '40.75746789999999', '-73.8310873'),
('(917) 285-2521', '40.760188', '-73.8265659'),
('(917) 285-2523', '40.7613198', '-73.8328344'),
('(917) 285-2772', '40.7634619', '-73.8071988'),
('(917) 535-9099', '40.7593211', '-73.8290528'),
('(917) 698-3683', '40.7598529', '-73.8290288'),
('(917) 698-6084', '40.759974', '-73.833541');

-- --------------------------------------------------------

--
-- Table structure for table `restaurants`
--

CREATE TABLE IF NOT EXISTS `restaurants` (
  `name` varchar(75) NOT NULL,
  `phone` varchar(15) NOT NULL,
  `street` varchar(75) NOT NULL,
  `city` varchar(20) NOT NULL,
  `zip` varchar(5) NOT NULL,
  `state` varchar(2) NOT NULL,
  `cuisine` varchar(25) NOT NULL,
  `yelp` varchar(100) DEFAULT NULL,
  PRIMARY KEY (`phone`)
) ENGINE=InnoDB DEFAULT CHARSET=latin1;

--
-- Dumping data for table `restaurants`
--

INSERT INTO `restaurants` (`name`, `phone`, `street`, `city`, `zip`, `state`, `cuisine`, `yelp`) VALUES
('Arya Kabab House', '(347) 368-4471', '33-35 Francis Lewis Blvd', 'Flushing', '11358', 'NY', 'Other', 'arya-kabob-house-flushing-2'),
('Da Myun', '(347) 368-6557', '41-10 162nd St', 'Flushing', '11358', 'NY', 'Korean, Noodle Shops', 'da-myun-flushing'),
('Hang', '(347) 368-6735', '133-35 Roosevelt Ave.', 'Flushing', '11355', 'NY', 'Mala Tang', 'new-york-food-court-flushing'),
('Kissa Bar', '(347) 368-6755', '133-42 37th Ave.', 'Flushing', '11354', 'NY', 'Mix', 'kissa-bar-flushing-5'),
('Teaus', '(347) 369-6191', '40-10 Union St', 'Flushing', '11354', 'NY', 'Teahouses', 'teaus-flushing-2'),
('Moon Cafe', '(347) 732-0329', '137-06 Northern Blvd', 'Flushing', '11354', 'NY', 'Cafes & Coffeehouses', 'moon-cafe-flushing-2'),
('Lanzhou Handmade Noodle', '(347) 757-8208', '41-28 Main St', 'Flushing', '11355', 'NY', 'Chinese', 'lan-zhou-handmade-noodle-flushing'),
('Fruitti Yummi', '(347) 799-1344', '57-51 Myrtle Ave', 'Flushing', '11385', 'NY', 'Desserts', 'fruitti-yummi-frozen-yogurt-ridgewood'),
('Magic Tea House', '(347) 822-8082', '135-03 Roosevelt Ave.', 'Flushing', '11354', 'NY', 'Dessert', 'magic-tea-house-flushing'),
('Chong Qing Hot Pot', '(646) 318-9586', '136-20 Roosevelt Ave', 'Flushing', '11354', 'NY', 'Chinese', 'new-world-mall-food-court-flushing'),
('QQbee', '(646) 535-3390', '40-10 Main St', 'Flushing', '11354', 'NY', 'Desserts, Asian (other)', 'qqbee-flushing'),
('Yummy Sushi House', '(646) 573-5508', '135-11 38th Ave.', 'Flushing', '11354', 'NY', 'Sushi', 'yummy-sushi-house-flushing'),
('Kalamaki GR', '(646) 798-0338', '29-06 172nd St', 'Flushing', '11358', 'NY', 'Greek, Mediterranean', 'kalamaki-gr-flushing-2'),
('Mango Mango', '(646) 881-6992', '133-35 Roosevelt Ave.', 'Flushing', '11355', 'NY', 'Dessert', 'mango-mango-dessert-flushing-2'),
('JB Crispy Pancake', '(646) 915-7853', '133-35 Roosevelt Ave.', 'Flushing', '11354', 'NY', 'Taiwanese', 'jb-crispy-pancake-flushing'),
('Piccolo Sogno Pizza', '(718) 224-1717', '195-14 47th Ave', 'Flushing', '11358', 'NY', 'Italian, Pizza', 'piccolo-sogno-flushing'),
('Silk Hookah Lounge & Grill', '(718) 225-7455', '192-08 Northern Blvd', 'Flushing', '11358', 'NY', 'Middle Eastern', 'silk-hookah-lounge-and-grill-flushing'),
('North Shore Diner', '(718) 225-8000', '196-52 Northern Blvd', 'Flushing', '11358', 'NY', 'Diners & Coffee Shops', 'north-shore-diner-flushing'),
('Masuyo Asian Fusion', '(718) 268-1818', '73-01 Main St.', 'Kew Gardens Hill', '11367', 'NY', 'Japanese', 'masuyo-asian-fusion-flushing-2'),
('Gammeeok Tang', '(718) 279-7080', '196-50 Northern Blvd', 'Flushing', '11358', 'NY', 'Korean', 'gammeeok-tang-flushing'),
('Sparkys Deli', '(718) 304-0211', '28-28 College Point Blvd', 'Flushing', '11354', 'NY', 'Delis, Sandwiches', 'sparkys-deli-flushing'),
('Baoding CFC', '(718) 304-5257', '42-05 162nd St', 'Flushing', '11358', 'NY', 'Chinese', 'baoding-cfc-flushing'),
('Chung Moo', '(718) 308-6582', '39-04 Union St', 'Flushing', '11354', 'NY', 'Korean, Sushi', 'chung-moo-rollrice-and-dongas-flushing'),
('Arirang Restaurant', '(718) 321-0185', '41-04 163rd St', 'Flushing', '11358', 'NY', 'Korean, Soups', 'arirang-restaurant-flushing-2'),
('Thanya Thai Cuisine', '(718) 321-0506', '33-47 Francis Lewis Blvd', 'Flushing', '11358', 'NY', 'Thai', 'thanya-thai-cuisine-flushing'),
('Kennedy Fried Chicken', '(718) 321-0775', '136-04 Northern Blvd', 'Flushing', '11354', 'NY', 'Chicken', 'kennedy-fried-chicken-flushing-2'),
('Cutting Board', '(718) 321-0800', '37-20 Prince St.', 'Flushing', '11354', 'NY', 'Hong Kong', 'cutting-board-flushing-flushing'),
('Lu''s Seafood', '(718) 321-0904', '38-18 Prince St.', 'Flushing', '11354', 'NY', 'Taiwanese', '66-lus-seafood-flushing-2'),
('Fu Run', '(718) 321-1363', '40-09 Prince St.', 'Flushing', '11354', 'NY', 'North East Chinese', 'fu-run-flushing'),
('Tong Tong Tonkatsu', '(718) 321-1599', '146-17A Northern Blvd', 'Flushing', '11354', 'NY', 'Japanese, Korean', 'tong-tong-tonkatsu-flushing'),
('Shang Hai Si Fang Dis', '(718) 321-1616', '135-25 40th Rd', 'Flushing', '11354', 'NY', 'Chinese', 'shanghai-si-fang-dish-flushing'),
('Fay Da Bakery', '(718) 321-1759', '136-18 39th Ave', 'Flushing', '11354', 'NY', 'Chinese', 'fay-da-bakery-flushing'),
('Lee-Soo Restaurant', '(718) 321-2007', '152-24 Northern Blvd', 'Flushing', '11354', 'NY', 'Korean', 'lee-soo-restaurant-murray-hill'),
('Asian Gourmet', '(718) 321-2226', '57-11 Main St.', 'Flushing', '11355', 'NY', 'Sushi', 'asian-gourmet-new-york'),
('Sushi Family Express', '(718) 321-2231', '35-48 Union St', 'Flushing', '11354', 'NY', 'Japanese, Sushi, Korean', 'sushi-family-flushing'),
('BBQ Village', '(718) 321-2770', '157-26 Northern Blvd', 'Flushing', '11358', 'NY', 'Korean, Barbecue', 'bbq-village-flushing-2'),
('Xiao Yuan Huan', '(718) 321-2828', '136-20 Roosevelt Ave', 'Flushing', '11354', 'NY', 'Chinese', 'xiao-yuan-huan-flushing-2'),
('Kung Fu Tea', '(718) 321-2886', '136-20 Roosevelt Ave', 'Flushing', '11354', 'NY', 'Cafes & Coffeehouses', 'kung-fu-tea-flushing-3'),
('Seoul Soon Dae', '(718) 321-3231', '158-15 Northern Blvd', 'Flushing', '11358', 'NY', 'Korean', 'seoul-soon-dae-flushing'),
('Spicy Road', '(718) 321-3688', '43-18 Main St', 'Flushing', '11355', 'NY', 'Chinese', 'spicy-house-flushing'),
('Mad For Chicken', '(718) 321-3818', '157-18 Northern Blvd', 'Flushing', '11354', 'NY', 'Chicken, Korean', 'mad-for-chicken-flushing'),
('Nan Xiang Dumpling House', '(718) 321-3838', '38-12 Prince St.', 'Flushing', '11354', 'NY', 'Shanghai', 'nan-xiang-dumpling-house-flushing'),
('OK Ryan', '(718) 321-7309', '41-04 College Point Blvd', 'Flushing', '11355', 'NY', 'Chinese', 'ok-ryan-restaurant-flushing'),
('Yao Tai Lou', '(718) 321-7388', '135-25A 40th Rd', 'Flushing', '11354', 'NY', 'Chinese', 'yao-tai-lou-restaurant-flushing'),
('Sik Gaek', '(718) 321-7770', '161-29 Crocheron Ave', 'Flushing', '11358', 'NY', 'Korean', 'sik-gaek-chun-ha-flushing'),
('Grand Restaurant', '(718) 321-8258', '40-21 Main St', 'Flushing', '11354', 'NY', 'Chinese', 'grand-restaurant-flushing'),
('Mixx', '(718) 321-8298', '44-03 Kissena Blvd', 'Flushing', '11355', 'NY', 'Burgers, Sandwiches', 'mixx-flushing'),
('Coco Fresh Tea & Juice', '(718) 321-8566', '39-22 Main St', 'Flushing', '11354', 'NY', 'Teahouses, Desserts', 'coco-fresh-tea-and-juice-flushing'),
('Kato Cafe', '(718) 321-8818', '135-01 35th Ave', 'Flushing', '11354', 'NY', 'Chinese', 'kato-cafe-flushing'),
('Asian Cafe', '(718) 321-8822', '59-08 Main St', 'Flushing', '11355', 'NY', 'Asian Fusion', 'asian-cafe-flushing'),
('Francis Lewis Gourmet Deli', '(718) 321-9385', '32-61 Francis Lewis Blvd', 'Flushing', '11358', 'NY', 'Delis, Sandwiches', 'francis-lewis-gourmet-deli-grocery-flushing'),
('Great Wall', '(718) 352-8899', '199-19 32nd Ave', 'Flushing', '11358', 'NY', 'Chinese', 'great-wall-restaurant-bayside'),
('Jjajang.com', '(718) 353-0077', '150-05 Northern Blvd', 'Flushing', '11354', 'NY', 'Chinese, Korean, Seafood', 'jjajang-com-flushing'),
('Yupdduk NYC', '(718) 353-0081', '157-22 Northern Blvd.', 'Flushing', '11354', 'NY', 'Korean', 'yupdduk-flushing-flushing'),
('Hly Chinese Cuisine', '(718) 353-0278', '43-23 Main St.', 'Flushing', '11354', 'NY', 'Chinese', 'hly-chinese-cuisine-flushing'),
('LZ Cafe', '(718) 353-0551', '136-20 Roosevelt Ave', 'Flushing', '11354', 'NY', 'Chinese', 'new-world-mall-food-court-flushing'),
('Super Deli', '(718) 353-0690', '144-10 Northern Blvd', 'Flushing', '11354', 'NY', 'Delis, Sandwiches', 'super-deli-flushing'),
('Fay Da Bakery', '(718) 353-0730', '46-15 Kissena Blvd', 'Flushing', '11355', 'NY', 'Chinese', 'fay-da-bakery-new-york-12'),
('Roll Zip', '(718) 353-1123', '36-14 Union St', 'Flushing', '11354', 'NY', 'Korean, Japanese, Sushi', 'roll-zip-queens'),
('Flushing Noodle Shop', '(718) 353-1166', '135-42 Roosevelt Ave', 'Flushing', '11354', 'NY', 'Chinese', 'flushing-noodle-shop-flushing'),
('KUNG FU HIBACHI', '(718) 353-1575', '39-07 Prince St', 'Flushing', '11354', 'NY', 'Asian Fusion', 'kungfu-hibachi-queens'),
('Hunan House', '(718) 353-1808', '137-40 Northern Blvd.', 'Flushing', '11354', 'NY', 'Hunan', 'hunan-house-flushing'),
('Bangkok Thai Cuisine', '(718) 353-1888', '38-04 Prince St.', 'Flushing', '11354', 'NY', 'Thai', 'bangkok-thai-cuisine-flushing'),
('Malay Restaurant', '(718) 353-2901', '135-17 40th Rd', 'Flushing', '11354', 'NY', 'Malaysian', 'malay-restaurant-flushing'),
('O'' Crab!', '(718) 353-3530', '147-34 Northern Blvd.', 'Flushing', '11354', 'NY', 'Cajun', 'o-crab-flushing-2'),
('Browne Park Deli', '(718) 353-3955', '150-09 Bayside Ave', 'Flushing', '11354', 'NY', 'Delis, Sandwiches', 'bowne-park-deli-flushing'),
('Izakaya Kan', '(718) 353-4006', '160-30 Northern Blvd', 'Flushing', '11358', 'NY', 'Korean, Japanese, Sushi', 'kan-izakaya-flushing'),
('Teaus', '(718) 353-4200', '4010 Union St.', 'Flushing', '11354', 'NY', 'Tea', 'teaus-flushing-2'),
('BBQ Chicken', '(718) 353-5330', '158-23 Northern Blvd', 'Flushing', '11358', 'NY', 'Chicken, Barbecue, Wings', 'bbq-chicken-flushing'),
('IHOP', '(718) 353-5576', '155-17 Northern Blvd', 'Flushing', '11354', 'NY', 'Diners & Coffee Shops', 'ihop-flushing-2'),
('Hyderabadi Biryani', '(718) 353-5577', '44-27 Kissena Blvd.', 'Flushing', '11355', 'NY', 'Indian', 'hyderabadi-biryani-and-chat-flushing'),
('New Kissena', '(718) 353-5707', '44-29 Kissena Blvd', 'Flushing', '11355', 'NY', 'Chinese', 'new-kissena-flushing'),
('Shanghai Cuisine 33', '(718) 353-5791', '57-33 Main St.', 'Flushing', '11355', 'NY', 'Shanghai', 'shanghai-cuisine-33-flushing'),
('Zhu Ji Dumpling Stall', '(718) 353-6265', '40-52 Main St', 'Flushing', '11354', 'NY', 'Chinese', 'zhu-ji-dumpling-stall-flushing-2'),
('New Age Market', '(718) 353-7313', '160-06 Northern Blvd.', 'Flushing', '11358', 'NY', 'Dessert', 'new-age-market-flushing'),
('Gong Cha', '(718) 353-7327', '136-20 Roosevelt Ave', 'Flushing', '11354', 'NY', 'Teahouses', 'gong-cha-flushing-8'),
('Red Bowl', '(718) 353-7683', '40-52 Main St.', 'Flushing', '11354', 'NY', 'Mix Chinese', 'red-bowl-noodle-shop-flushing'),
('Sol Hyang Gee', '(718) 353-8160', '136-73 41st Rd.', 'Flushing', '11355', 'NY', 'BBQ Skewers', 'sol-hyang-ki-flushing'),
('Crazy Crab', '(718) 353-8188', '40-42 College Point Blvd', 'Flushing', '11354', 'NY', 'Chinese', 'crazy-crab-flushing'),
('Xiao Dong Bei', '(718) 353-8998', '133-51 37th Ave.', 'Flushing', '11354', 'NY', 'North East Chinese', 'xiao-dong-bei-chinese-cuisine-queens'),
('Chen Mapo Szechuan', '(718) 353-9538', '37-04 Prince St.', 'Flushing', '11354', 'NY', 'Szechuan', 'mapo-szechuan-flushing'),
('New Cathay', '(718) 357-3798', '195-12 47th Ave', 'Flushing', '11358', 'NY', 'Chinese', 'new-cathay-restaurant-flushing'),
('Michael & Sons', '(718) 357-6528', '192-13 47th Ave', 'Flushing', '11358', 'NY', 'Italian, Pizza', 'michael-and-sons-pizza-and-italian-food-flushing'),
('Mythos Authentic Greek Cuisine', '(718) 357-6596', '196-29 Northern Blvd', 'Flushing', '11358', 'NY', 'Greek', 'mythos-authentic-greek-cuisine-flushing'),
('Dae Bak', '(718) 358-0002', '146-06 34th Ave', 'Flushing', '11354', 'NY', 'Korean, Barbecue', 'dae-bach-sik-dang-flushing'),
('Mango Mango Dessert', '(718) 358-0215', '133-35 Roosevelt Ave', 'Flushing', '11354', 'NY', 'Desserts', 'mango-mango-dessert-flushing-2'),
('Tous les Jours', '(718) 358-0288', '42-35 Main St', 'Flushing', '11355', 'NY', 'Cafes & Coffeehouses', 'tous-les-jours-flushing-3'),
('Foo Kee Seafood', '(718) 358-0666', '136-14 38th Ave', 'Flushing', '11354', 'NY', 'Chinese', 'foo-kee-seafood-restaurant-flushing'),
('East Lake Seafood', '(718) 358-0888', '37-17 Prince St', 'Flushing', '11354', 'NY', 'Chinese', 'east-lake-seafood-restaurant-flushing'),
('Friend House', '(718) 358-1818', '135-29 40th Rd', 'Flushing', '11354', 'NY', 'Chinese', 'friend-house-queens'),
('Quickly NYC', '(718) 358-1835', '41-40 Kissena Blvd', 'Flushing', '11355', 'NY', 'Japanese, Asian (other)', 'quickly-flushing'),
('Dragon Town', '(718) 358-1883', '42-12A Main St.', 'Flushing', '11355', 'NY', 'Cantonese', 'dragon-town-flushing'),
('Taco Hut', '(718) 358-2333', '32-67 Francis Lewis Blvd', 'Flushing', '11358', 'NY', 'Southwestern, Mexican', 'taco-hut-new-york'),
('Je Ju Do', '(718) 358-3333', '162-10 Crocheron Ave', 'Flushing', '11358', 'NY', 'Sushi, Japanese, Korean', 'je-ju-do-flushing'),
('Okinae', '(718) 358-3355', '40-30 149th Pl', 'Flushing', '11354', 'NY', 'Korean', 'okinae-korean-restaurant-murray-hill'),
('Pho Bac Express', '(718) 358-3500', '136-20 Roosevelt Ave', 'Flushing', '11354', 'NY', 'Vietnamese', 'pho-bac-flushing'),
('Dong Hae Ru', '(718) 358-3869', '36-26 Union St', 'Flushing', '11354', 'NY', 'Korean', 'dong-hae-ru-restaurant-flushing-2'),
('Graziella', '(718) 358-4706', '33-29 Francis Lewis Blvd', 'Flushing', '11358', 'NY', 'Italian, Pizza', 'graziella-ristorante-flushing'),
('Universe Dragon', '(718) 358-5037', '45-12 162nd St', 'Flushing', '11358', 'NY', 'Chinese', 'universe-dragon-flushing'),
('Picnic Garden', '(718) 358-5959', '147-42 Northern Blvd', 'Flushing', '11354', 'NY', 'Korean, Barbecue', 'picnic-garden-flushing'),
('Happy Family Hotpot Restaurant', '(718) 358-6667', '36-35 Main St', 'Flushing', '11354', 'NY', 'Chinese', 'happy-family-hotpot-flushing-2'),
('Kyedong', '(718) 358-8300', '150-54 Northern Blvd', 'Flushing', '11354', 'NY', 'Korean, Chicken', 'kyedong-fried-chicken-flushing'),
('Noodle Village', '(718) 358-8855', '136-20 Roosevelt Ave', 'Flushing', '11354', 'NY', 'Chinese', 'noodle-village-so-good-stall-2-flushing'),
('Tong Hai Tung', '(718) 358-8878', '41-12 Main St', 'Flushing', '11354', 'NY', 'Chinese', 'tong-hai-tung-bakery-flushing'),
('East Buffet', '(718) 358-9810', '42-07 Main St', 'Flushing', '11355', 'NY', 'Chinese', 'east-buffet-and-restaurant-flushing'),
('Sarku Japan', '(718) 359-0810', '133-38 Whitestone Expy', 'Flushing', '11354', 'NY', 'Chinese', 'sarku-japan-flushing'),
('Jang Tuh', '(718) 359-1227', '136-93 37th Ave', 'Flushing', '11354', 'NY', 'Korean', 'jang-tuh-sutbulgui-flushing'),
('Asian Chef', '(718) 359-1313', '29-04 172nd St.', 'Flushing', '11358', 'NY', 'Chinese', 'asian-chef-flushing'),
('Spicy & Tasty', '(718) 359-1601', '39-07 Prince St', 'Flushing', '11354', 'NY', 'Chinese', 'spicy-and-tasty-flushing'),
('Lu Xiang Yuan', '(718) 359-2108', '42-87 Main St', 'Flushing', '11355', 'NY', 'Chinese', 'lu-xiang-yuan-flushing'),
('Udon West', '(718) 359-2324', '137-80 Northern Blvd', 'Flushing', '11354', 'NY', 'Japanese, Noodle Shops', 'udon-west-flushing'),
('Great Wall Kitchen', '(718) 359-2393', '43-41 Main St', 'Flushing', '11355', 'NY', 'Chinese', 'great-wall-kitchen-flushing'),
('Hwa Lung Kitchen', '(718) 359-2624', '36-07 164th St', 'Flushing', '11358', 'NY', 'Chinese', 'hwa-lung-kitchen-flushing'),
('Tong Sam Gyup Goo Yi', '(718) 359-4583', '162-23 Depot Rd', 'Flushing', '11358', 'NY', 'Korean', 'tong-sam-gyup-goo-ee-korean-restaurant-flushing-2'),
('Yao Fhing', '(718) 359-4888', '45-06 Parsons Blvd', 'Flushing', '11355', 'NY', 'Chinese', 'yao-shing-chinese-restaurant-flushing'),
('Gyro Corner', '(718) 359-5454', '32-69 Francis Lewis Blvd', 'Flushing', '11358', 'NY', 'Greek, Mediterranean', 'gyro-corner-flushing'),
('Ding Tai Restaurant', '(718) 359-6655', '40-46 Main St', 'Flushing', '11354', 'NY', 'Chinese', 'ding-tai-restaurant-flushing'),
('Han Joo Chik Naeng Myun & BBQ', '(718) 359-6888', '41-06 149th Pl', 'Flushing', '11355', 'NY', 'Korean, Barbecue', 'han-joo-chik-naeng-myun-and-bbq-flushing'),
('Asian Food Products', '(718) 359-7148', '140-13 Cherry Ave', 'Flushing', '11355', 'NY', 'Asian (other)', 'new-asian-food-flushing'),
('Asian Jewels', '(718) 359-8600', '133-30 39th Ave', 'Flushing', '11354', 'NY', 'Chinese', 'asian-jewels-seafood-restaurant-flushing'),
('El Recuerdo', '(718) 359-8698', '146-05 34th Ave', 'Flushing', '11354', 'NY', 'South American, Seafood', 'el-recuerdo-new-york'),
('Ajisen Ramen', '(718) 395-8119', '38-10 138th St', 'Flushing', '11354', 'NY', 'Japanese, Noodle Shops', 'ajisen-ramen-flushing-2'),
('Diverse Dim Sum', '(718) 395-8188', '133-31 39th Ave', 'Flushing', '11354', 'NY', 'Chinese', 'diverse-dim-sum-flushing'),
('King Noodle', '(718) 423-4888', '20-02 Utopia Parkway', 'Whitestone', '11357', 'NY', 'Mix Chinese', 'king-noodle-whitestone'),
('Gyro World', '(718) 428-3800', '194-23 Northern Blvd', 'Flushing', '11358', 'NY', 'Middle Eastern', 'gyro-world-flushing'),
('Amore Pizzeria', '(718) 445-0579', '30-27 Stratton St', 'Flushing', '11354', 'NY', 'Pizza, Italian', 'amore-pizzeria-flushing'),
('Cheogajip Chicken', '(718) 445-0806', '160-24 Northern Blvd', 'Flushing', '11358', 'NY', 'Korean, Chicken, Pizza', 'cheogajip-fried-chicken-new-york'),
('San Soo Kap San', '(718) 445-1165', '38-13 Union St', 'Flushing', '11354', 'NY', 'Korean, Barbecue, Sushi', 'san-soo-kap-san-flushing'),
('Lucia Pizza', '(718) 445-1313', '136-55 Roosevelt Ave', 'Flushing', '11354', 'NY', 'Pizza, Italian', 'lucia-pizza-flushing'),
('Delicias Hispanas Deli', '(718) 445-2162', '146-01 34th Ave', 'Flushing', '11354', 'NY', 'Delis, Sandwiches', 'delicias-hispanas-deli-flushing'),
('Noodle Flower', '(718) 445-3155', '29-18 Union St', 'Flushing', '11354', 'NY', 'Korean', 'noodle-flower-new-york'),
('Magna Ristorante', '(718) 445-3352', '35-25 Farrington St', 'Flushing', '11354', 'NY', 'Italian', 'magna-ristorante-flushing'),
('San Soo Kap San', '(718) 445-4850', '171-10 Northern Blvd', 'Flushing', '11358', 'NY', 'Korean, Barbecue', 'san-soo-kap-san-flushing-2'),
('Five Guys Burgers & Fries', '(718) 445-7800', '40-24 College Point Blvd', 'Flushing', '11354', 'NY', 'Burgers', 'five-guys-burgers-and-fries-flushing-2'),
('Samwongahk', '(718) 445-8500', '144-20 Northern Blvd', 'Flushing', '11354', 'NY', 'Chinese', 'sam-won-gahk-flushing'),
('Kan Wah', '(718) 445-9799', '59-14 Main St', 'Flushing', '11355', 'NY', 'Chinese', 'kan-wah-restaurant-flushing'),
('Dae Sung Kal Kuk Soo', '(718) 460-0088', '45-14 162nd St', 'Flushing', '11358', 'NY', 'Korean, Noodle Shops', 'dae-sung-kal-kuk-soo-restaurant-flushing'),
('Cheong Hae Jin', '(718) 460-0500', '160-20 Northern Blvd', 'Flushing', '11358', 'NY', 'Korean, Sushi, Japanese', 'cheong-hae-jin-flushing'),
('East Seafood', '(718) 460-1044', '150-60 Northern Blvd', 'Flushing', '11354', 'NY', 'Korean, Sushi', 'east-seafood-restaurant-flushing'),
('NY & Seoul', '(718) 460-1266', '41-05 150th St', 'Flushing', '11354', 'NY', 'Korean, Barbecue', 'ny-and-seoul-flushing'),
('Gateaux Bakery & Cafe', '(718) 460-1894', '150-24 Northern Blvd', 'Flushing', '11354', 'NY', 'Cafes & Coffeehouses', 'gateaux-bakery-and-cafe-flushing'),
('El Rancho', '(718) 460-4266', '171-03 Northern Blvd', 'Flushing', '11358', 'NY', 'South American', 'el-rancho-salvadoreno-flushing'),
('Mapo Galmaegi', '(718) 460-6200', '136-71 Roosevelt Ave', 'Flushing', '11354', 'NY', 'Korean, Barbecue', 'mapo-galmaegi-flushing'),
('Fay Da Bakery', '(718) 460-8018', '41-33 Kissena Blvd', 'Flushing', '11355', 'NY', 'Chinese', 'fay-da-bakery-queens-3'),
('Temple Canteen', '(718) 460-8484', '45-57 Bowne St', 'Flushing', '11355', 'NY', 'Indian', 'ganesh-temple-canteen-flushing'),
('No. 1 East', '(718) 460-8686', '41-27 Main St', 'Flushing', '11355', 'NY', 'Chinese', 'no-1-east-restaurant-flushing'),
('Tai Pan Bakery', '(718) 460-8787', '42-05 Main St', 'Flushing', '11355', 'NY', 'Chinese', 'tai-pan-bakery-flushing-2'),
('Sun Mary', '(718) 460-8800', '133-57 41st Rd', 'Flushing', '11355', 'NY', 'Bakeries', 'sun-mary-bakery-flushing'),
('Hahm Ji Bach', '(718) 460-9289', '41-08 149th Pl', 'Flushing', '11355', 'NY', 'Korean', 'hahm-ji-bach-flushing-2'),
('Regina Pizzeria', '(718) 461-0065', '60-08 Kissena Blvd', 'Flushing', '11355', 'NY', 'Pizza, Italian', 'regina-pizzeria-flushing'),
('Dumpling Galaxy', '(718) 461-0808', '42-35 Main St.', 'Flushing', '11355', 'NY', 'Dumpling', 'dumpling-galaxy-flushing'),
('Kum Gang San', '(718) 461-0909', '138-28 Northern Blvd', 'Flushing', '11354', 'NY', 'Korean', 'kum-gang-san-restaurant-flushing'),
('Great House', '(718) 461-1313', '41-13 Kissena Blvd', 'Flushing', '11355', 'NY', 'Chinese', 'great-house-restaurant-flushing'),
('Fay Da Bakery', '(718) 461-1888', '40-24 College Point Blvd', 'Flushing', '11355', 'NY', 'Chinese', 'fay-da-bakery-queens-4'),
('Kabul Kabob House', '(718) 461-1919', '42-51 Main St', 'Flushing', '11355', 'NY', 'Central Asian, Persian', 'kabul-kabab-house-flushing'),
('Janchi Janchi', '(718) 461-3030', '138-28 Northern Blvd', 'Flushing', '11354', 'NY', 'Korean', 'janchi-janchi-new-york'),
('Primo Amore', '(718) 461-6100', '34-33 Francis Lewis Blvd', 'Flushing', '11358', 'NY', 'Italian', 'primo-amore-italian-restaurant-flushing'),
('Pho Vietnamese Cuisine', '(718) 461-8686', '38-02 Prince St.', 'Flushing', '11354', 'NY', 'Vietnamese', 'pho-vietnamese-restaurant-flushing-2'),
('Moon Star', '(718) 461-8826', '172-16 46th Ave', 'Flushing', '11358', 'NY', 'Chinese', 'moon-star-chinese-takeout-rest-flushing'),
('Woo Chon', '(718) 463-0803', '41-19 Kissena Blvd', 'Flushing', '11355', 'NY', 'Korean, Barbecue', 'woo-chon-flushing'),
('Barone Pizza', '(718) 463-2218', '40-27 Main St', 'Flushing', '11354', 'NY', 'Pizza, Italian', 'barone-pizza-flushing'),
('La Amistad Bakery', '(718) 463-2477', '40-37 162nd St', 'Flushing', '11358', 'NY', 'South American, Bakeries', 'la-amistad-bakery-murray-hill'),
('Mani 1', '(718) 463-2520', '40-26 Union St', 'Flushing', '11354', 'NY', 'Chinese', 'mani-korean-chinese-restaurant-flushing'),
('SINGAS', '(718) 463-4343', '43-69 Kissena Blvd.', 'Flushing', '11355', 'NY', 'Italian', 'singas-famous-pizza-flushing-2'),
('Venice Pizza', '(718) 539-0104', '41-94 Bowne St', 'Flushing', '11355', 'NY', 'Pizza, Italian', 'venice-pizza-flushing'),
('Choopan Kabab', '(718) 539-3180', '43-27 Main Street', 'Flushing', '11355', 'NY', 'Halal', 'choopan-kabab-house-flushing'),
('Lao Dong Bei', '(718) 539-4100', '44-09 Kissena Blvd.', 'Flushing', '11355', 'NY', 'North East Chinese', 'lao-dong-bei-flushing'),
('Geum Sung', '(718) 539-4596', '40-07 149th Pl', 'Flushing', '11354', 'NY', 'Korean', 'kum-sung-chik-naengmyun-flushing'),
('Peking Chinese Restaurant', '(718) 539-5000', '144-11 Northern Blvd', 'Flushing', '11354', 'NY', 'Chinese', 'peking-chinese-restaurant-flushing'),
('Taiwanes Food', '(718) 539-5115', '133-49 Roosevelt Ave', 'Flushing', '11354', 'NY', 'Chinese', 'kings-cafe-taiwanese-cuisine-flushing'),
('Sandwich Bar', '(718) 544-1014', '71-32 Main St', 'Flushing', '11367', 'NY', 'Sandwiches', 'sandwich-bar-new-york'),
('Mandu Factory', '(718) 578-7677', '131-01 39th Ave', 'Flushing', '11354', 'NY', 'Korean', 'mandu-factory-flushing'),
('Ke Zhang', '(718) 661-0008', '45-72 Kissena Blvd', 'Flushing', '11355', 'NY', 'Chinese', 'ke-zhang-flushing-2'),
('Shanghai Tide', '(718) 661-0900', '135-20 40th Rd', 'Flushing', '11354', 'NY', 'Chinese', 'shanghai-tide-flushing'),
('Rolly Kimbab', '(718) 661-1544', '163-16 Northern Blvd', 'Flushing', '11358', 'NY', 'Korean', 'rolly-kimbab-flushing-2'),
('Fukuoka Shabu Shabu', '(718) 661-1616', '45-68 Kissena Blvd', 'Flushing', '11355', 'NY', 'Chinese', 'fukuoka-shabu-shabu-flushing'),
('Kung Fu Xiao Long Bao', '(718) 661-2882', '59-16 Main St.', 'Flushing', '11355', 'NY', 'Shanghai', 'kung-fu-xiao-long-bao-flushing'),
('Axis Bar', '(718) 661-4567', '157-02 Northern Blvd', 'Flushing', '11354', 'NY', 'Korean, Cocktails', 'axis-bar-queens'),
('Red Chopstick', '(718) 661-6655', '136-17 41st Ave', 'Flushing', '11355', 'NY', 'Chinese', 'red-chopstick-flushing'),
('Su Ra Chung', '(718) 661-9292', '149-09 41st Ave', 'Flushing', '11355', 'NY', 'Korean', 'su-ra-chung-flushing'),
('Deluge', '(718) 670-7400', '135-20 39th Ave', 'Flushing', '11354', 'NY', 'Asian Fusion', 'deluge-restaurant-flushing'),
('Little Pepper Hot Pot', '(718) 690-2206', '133-43 Roosevelt Ave', 'Flushing', '11354', 'NY', 'Chinese', 'little-pepper-hot-pot-flushing'),
('AH2 Ice Tea', '(718) 709-8373', '38-03 Main St.', 'Flushing', '11354', 'NY', 'Tea', 'ah2-icetea-flushing'),
('Koreana', '(718) 713-0308', '136-20 38th Ave', 'Flushing', '11354', 'NY', 'Korean, Barbecue, Sushi', 'koreana-restaurant-and-bar-flushing'),
('Zhong Yuan Hot Pot', '(718) 762-1818', '136-31 41st Ave', 'Flushing', '11355', 'NY', 'Chinese', 'zhongyuan-hot-pot-flushing'),
('Xiao Du Hui', '(718) 762-1955', '135-19 40th Rd', 'Flushing', '11354', 'NY', 'Chinese', 'xiao-du-hui-flushing'),
('New Golden Szechuan', '(718) 762-2664', '133-47 Roosevelt Ave.', 'Flushing', '11354', 'NY', 'Szechuan', 'szechuan-house-flushing'),
('Bangane', '(718) 762-2799', '165-19 Northern Blvd', 'Flushing', '11358', 'NY', 'Korean', 'bangane-flushing-2'),
('Gong Cha', '(718) 762-2874', '40-06 Union St.', 'Flushing', '11355', 'NY', 'Tea', 'gong-cha-bubble-tea-flushing-4'),
('Pho Hong', '(718) 762-6151', '41-01 Kissena Blvd', 'Flushing', '11355', 'NY', 'Vietnamese', 'pho-hoang-flushing'),
('Minnis Shabu Shabu II', '(718) 762-6277', '136-17 38th Ave', 'Flushing', '11354', 'NY', 'Chinese', 'minnis-shabu-shabu-ii-flushing'),
('Jade Asian', '(718) 762-8821', '136-28 39th Ave', 'Flushing', '11354', 'NY', 'Chinese', 'jade-asian-restaurant-and-caterer-flushing'),
('Curry Leaves Malaysian', '(718) 762-9313', '135-31 40th Rd', 'Flushing', '11354', 'NY', 'Malaysian', 'curry-leaves-flushing'),
('El Patron', '(718) 819-2121', '194-01 Northern Blvd', 'Flushing', '11358', 'NY', 'Mexican', 'el-patron-flushing'),
('Galbi Ma Eul', '(718) 819-2171', '194-03 Northern Blvd', 'Flushing', '11358', 'NY', 'Korean, Barbecue', 'galbi-ma-eul-flushing-2'),
('Bubblechai Sushi', '(718) 877-8588', '43-06 Main St.', 'Flushing', '11355', 'NY', 'Japanese', 'bubblechai-sushi-flushing'),
('Mae Il Jan Chi', '(718) 886-0800', '149-32 41st Ave.', 'Flushing', '11355', 'NY', 'Korean', 'mae-il-jan-chi-flushing-2'),
('Big Apple', '(718) 886-1118', '32-55 Francis Lewis Blvd', 'Flushing', '11358', 'NY', 'Chinese', 'big-apple-chinese-and-japanese-restaurant-flushing'),
('Lucky Hand Pull Noodle House', '(718) 886-1516', '46-22 Kissena Blvd', 'Flushing', '11355', 'NY', 'Chinese', 'lucky-hand-pull-noodle-house-flushing'),
('88 Canteen', '(718) 886-1555', '58-46 Main St.', 'Flushing', '11355', 'NY', 'Taiwanese', '88-canteen-flushing'),
('Yi-Jia', '(718) 886-1558', '46-26 Kissena Blvd', 'Flushing', '11355', 'NY', 'Chinese', 'yi-jia-chinese-restaurant-flushing'),
('Tasty House 18', '(718) 886-1833', '44-12 Kissena Blvd', 'Flushing', '11355', 'NY', 'Chinese', 'tasty-house-18-flushing-4'),
('New Super Snack', '(718) 886-2294', '41-28 Main St', 'Flushing', '11355', 'NY', 'Asian (other)', 'new-super-snack-flushing'),
('Mogu Sushi', '(718) 886-2618', '133-22 39th Ave', 'Flushing', '11354', 'NY', 'Japanese, Sushi', 'mogu-sushi-flushing'),
('Yu Garden', '(718) 886-2676', '46-20 Kissena Blvd.', 'Flushing', '11355', 'NY', 'Shanghai', 'yu-garden-dumpling-house-flushing'),
('Zebra Lounge', '(718) 886-3026', '35-06 Farrington St', 'Flushing', '11354', 'NY', 'Asian Fusion, Cocktails', 'zebra-lounge-flushing'),
('Tasty Roast House', '(718) 886-3118', '59-16 Main St', 'Flushing', '11355', 'NY', 'Chinese', 'tasty-roast-house-flushing'),
('GaHwa', '(718) 886-3223', '29-32 Union St', 'Flushing', '11354', 'NY', 'Korean', 'gahwa-korean-restaurant-flushing'),
('Taipan Snack', '(718) 886-3266', '39-01 Main St', 'Flushing', '11354', 'NY', 'Chinese', 'taipan-snack-flushing'),
('KULU Desserts', '(718) 886-3302', '37-06 Prince St.', 'Flushing', '11354', 'NY', 'Desserts', 'kulu-desserts-flushing'),
('Shi Li Xiang', '(718) 886-3382', '133-58 41 Ave', 'Flushing', '11354', 'NY', 'Chinese', 'shi-li-xiang-new-york'),
('Coco Fresh Tea & Juice', '(718) 886-3386', '40-24 College Point Blvd', 'Flushing', '11354', 'NY', 'Teahouses, Desserts', 'coco-fresh-tea-and-juice-flushing-2'),
('Yi Lan', '(718) 886-3622', '42-79A Main St', 'Flushing', '11355', 'NY', 'Chinese', 'yi-lan-halal-restaurant-flushing'),
('Northern Sushi', '(718) 886-4123', '153-14 Northern Blvd', 'Flushing', '11354', 'NY', 'Japanese, Sushi', 'northern-sushi-and-sashimi-flushing'),
('Fay Da Bakery', '(718) 886-4568', '41-60 Main St', 'Flushing', '11354', 'NY', 'Chinese', 'fay-da-bakery-flushing-2'),
('Sushi Village', '(718) 886-4733', '32-50 Francis Lewis Blvd', 'Flushing', '11358', 'NY', 'Japanese, Sushi', 'sushi-village-bayside'),
('Mamak', '(718) 886-4828', '35-20 Farrington St', 'Flushing', '11354', 'NY', 'Malaysian', 'mamak-malaysia-flushing'),
('Sunrise Cafe', '(718) 886-4855', '45-04 Parsons Blvd', 'Flushing', '11355', 'NY', 'Diners & Coffee Shops', 'sunrise-diner-flushing'),
('Prince Noodle House', '(718) 886-5595', '37-17 Prince St.', 'Flushing', '11354', 'NY', 'Szechuan', 'prince-noodle-house-flushing-2'),
('Sentosa', '(718) 886-6331', '39-07 Prince St.', 'Flushing', '11354', 'NY', 'Malaysian', 'sentosa-malaysian-cuisine-flushing'),
('Haagen-Dazs', '(718) 886-6610', '136-20 Roosevelt Ave', 'Flushing', '11354', 'NY', 'Desserts', 'haagen-dazs-shop-flushing'),
('Lake Pavilion', '(718) 886-6693', '60-15 Main St', 'Flushing', '11355', 'NY', 'Chinese', 'lake-pavilion-flushing-2'),
('Happy Karaoke', '(718) 886-6886', '160-30 Northern Blvd', 'Flushing', '11358', 'NY', 'Korean', 'happy-karaoke-flushing'),
('Zebra Lounge 2', '(718) 886-7366', '136-11 38th Ave', 'Flushing', '11354', 'NY', 'Chinese', 'zebra-lounge-2-flushing'),
('Sukarak', '(718) 886-8100', '156-28 Northern Blvd', 'Flushing', '11354', 'NY', 'Korean', 'sukarak-flushing'),
('Good Kitchen Seafood', '(718) 886-8233', '135-29 37th Ave', 'Flushing', '11354', 'NY', 'Cantonese', 'dong-yi-feng-good-kitchen-seafood-restaurant-flushing'),
('First Hot Pot', '(718) 886-8281', '43-45 Main Street', 'Flushing', '11355', 'NY', 'Szechuan', 'first-hot-pot-queens'),
('Mulan', '(718) 886-8526', '136-17 39th Ave', 'Flushing', '11354', 'NY', 'Asian Fusion', 'mulan-flushing'),
('Yu Sushi & Bar', '(718) 886-8668', '133-44 37th Ave.', 'Flushing', '11354', 'NY', 'Sushi', 'yu-sushi-bar-flushing'),
('Main Street Imperial Gourmet', '(718) 886-8788', '59-14 Main St', 'Flushing', '11355', 'NY', 'Asian (other)', 'main-street-imperial-taiwanese-gourmet-flushing'),
('Pioneer Cuisine', '(718) 886-8895', '45-21 Parsons Blvd.', 'Flushing', '11355', 'NY', 'Taiwanese', 'pioneer-cuisine-flushing'),
('Grand Shanghai Restaurant', '(718) 886-8972', '36-50 Main St.', 'Flushing', '11354', 'NY', 'Shanghai', 'grand-shanghai-restaurant-flushing'),
('Canton Gourmet', '(718) 886-9288', '38-06 Prince St.', 'Flushing', '11354', 'NY', 'Cantonese', 'canton-gourmet-flushing'),
('Kim Cha Yul', '(718) 886-9292', '41-22 162 St', 'Flushing', '11358', 'NY', 'Korean', 'kim-chayuls-myung-poom-kalbi-murray-hill'),
('Tasty Sweety', '(718) 886-9500', '36-22 Union St', 'Flushing', '11354', 'NY', 'Chinese', 'tasty-sweety-corp-flushing'),
('River Japanese Cuisine', '(718) 886-9880', '37-18 Main St.', 'Flushing', '11354', 'NY', 'Sushi', 'river-japanese-cuisine-flushing'),
('Geo Si Gi', '(718) 888-0001', '152-28 Northern Blvd.', 'Flushing', '11354', 'NY', 'Korean', 'geo-si-gi-flushing'),
('Maple Garden', '(718) 888-0011', '42-09 Main St', 'Flushing', '11355', 'NY', 'Chinese', 'maple-garden-flushing'),
('Hansol Nutrition Center', '(718) 888-0200', '160-26 Northern Blvd', 'Flushing', '11358', 'NY', 'Korean', 'hansol-nutrition-center-flushing-2'),
('Yun Tian Low Sea Food', '(718) 888-0589', '133-54 41st Ave', 'Flushing', '11355', 'NY', 'Chinese', 'yun-tian-lou-restaurant-flushing'),
('Sala', '(718) 888-0633', '189-11 Northern Blvd', 'Flushing', '11358', 'NY', 'Mediterranean', 'sala-restaurant-flushing'),
('Dip Dip Hot Pot', '(718) 888-0711', '135-21A 37th Ave.', 'Flushing', '11354', 'NY', 'Hunan Szechuan', 'dip-dip-hot-pot-flushing'),
('Feng Mao BBQ', '(718) 888-0997', '136-88 Roosevelt Ave.', 'Flushing', '11354', 'NY', 'BBQ Skewers', 'feng-mao-queens'),
('Tai Pan Bakery', '(718) 888-1111', '37-25 Main St', 'Flushing', '11354', 'NY', 'Chinese, Bakeries', 'tai-pan-bakery-flushing'),
('Shogun Palace', '(718) 888-1133', '34-20 Linden Pl', 'Flushing', '11354', 'NY', 'Japanese, Sushi, Seafood', 'shogun-palace-flushing'),
('Myung San', '(718) 888-1245', '162-21 Depot Rd', 'Flushing', '11358', 'NY', 'Korean', 'myung-san-flushing-3'),
('King 5 Noodle House', '(718) 888-1268', '39-07 Prince St', 'Flushing', '11354', 'NY', 'Chinese', 'king-5-noodle-house-flushing'),
('Iris Tea & Bakery', '(718) 888-1633', '39-07 Prince St', 'Flushing', '11354', 'NY', 'Desserts, Bakeries', 'iris-tea-and-bakery-flushing'),
('A Taste of Shanghai', '(718) 888-1636', '39-07 Prince St.', 'Flushing', '11354', 'NY', 'Shanghai', 'a-taste-of-shanghai-flushing'),
('Shiny Tea', '(718) 888-1781', '136-19 38th Ave', 'Flushing', '11354', 'NY', 'Chinese', 'shiny-tea-flushing'),
('Kimganae', '(718) 888-3100', '39-12 Union St', 'Flushing', '11354', 'NY', 'Korean', 'kimganae-korean-restaurant-flushing'),
('Biang', '(718) 888-7713', '41-10 Main St', 'Flushing', '11355', 'NY', 'Chinese', 'biang-flushing'),
('GaHwa', '(718) 888-7734', '189-08 Northern Blvd', 'Flushing', '11358', 'NY', 'Korean', 'ga-hwa-restaurant-queens'),
('Modurang Cafe', '(718) 888-7790', '159-25 Northern Blvd', 'Flushing', '11358', 'NY', 'Cafes & Coffeehouses', 'modurang-cafe-flushing'),
('Zhen Wei Zhen', '(718) 888-7892', '144-18 Northern Blvd', 'Flushing', '11354', 'NY', 'Chinese', 'zhen-wei-zhen-queens'),
('U So Bo So Korean BBQ', '(718) 888-7955', '154-01 Northern Blvd', 'Flushing', '11354', 'NY', 'Korean, Barbecue', 'u-so-bo-so-korean-bbq-flushing'),
('Good Fortune', '(718) 888-8998', '46-45 Kissena Blvd', 'Flushing', '11355', 'NY', 'Chinese', 'good-fortune-flushing-2'),
('Sifu Chio', '(718) 888-9295', '40-09 Prince St', 'Flushing', '11354', 'NY', 'Chinese', 'sifu-chio-flushing'),
('Szechuan Gourmet', '(718) 888-9388', '135-15 37th Ave.', 'Flushing', '11354', 'NY', 'Szechuan', 'szechuan-gourmet-flushing'),
('J & J Sandwich King', '(718) 888-9655', '146-25 Northern Blvd', 'Flushing', '11354', 'NY', 'Delis, Sandwiches', 'j-and-j-sandwich-king-flushing'),
('Fay Da Bakery', '(718) 888-9890', '37-11 Main St', 'Flushing', '11354', 'NY', 'Chinese', 'fay-da-bakery-queens-2'),
('Il Bok', '(718) 939-0003', '136-77 41st Ave', 'Flushing', '11355', 'NY', 'Chinese', 'il-bok-korean-restaurant-flushing'),
('Lotus Pad', '(718) 939-0925', '25-25 Parsons Blvd.', 'Flushing', '11354', 'NY', 'Chinese', 'lotus-pad-flushing-2'),
('New Bodai Vegetarian', '(718) 939-1188', '59-08 Main St', 'Flushing', '11355', 'NY', 'Chinese', 'new-bodai-vegetarian-flushing'),
('Kalamaki GR', '(718) 939-1616', '29-06 172nd St', 'Flushing', '11358', 'NY', 'Greek', 'kalamaki-gr-flushing-2'),
('Gui Lin Mi Fen', '(718) 939-2025', '135-25 40th Rd.', 'Flushing', '11354', 'NY', 'Mix Chinese', 'gui-lin-mi-fen-flushing'),
('Changs Family Restaurant', '(718) 939-2255', '154-28 Northern Blvd', 'Flushing', '11354', 'NY', 'Korean', 'changs-family-restaurant-flushing'),
('Ailan Bakery', '(718) 939-2822', '35-06 Union St', 'Flushing', '11354', 'NY', 'Chinese', 'ai-lan-bakery-queens'),
('Boulevard Deli', '(718) 939-2915', '158-25 Northern Blvd', 'Flushing', '11358', 'NY', 'Delis', 'boulevard-deli-new-york'),
('Sunway Restaurant', '(718) 939-3330', '39-07 Prince St.', 'Flushing', '11354', 'NY', 'Cantonese', 'sunway-cafe-restaurant-flushing'),
('Fried Dumpling', '(718) 939-3489', '40-04 Union St', 'Flushing', '11354', 'NY', 'Chinese', 'fried-dumpling-jie-jie-sheng-flushing'),
('Imperial Palace', '(718) 939-3501', '136-13 37th Ave', 'Flushing', '11354', 'NY', 'Chinese', 'imperial-palace-flushing'),
('Spring Fish Village', '(718) 939-3633', '136-21 41st Ave.', 'Flushing', '11355', 'NY', 'Szechuan', 'spring-fish-village-flushing'),
('Mapo Szechuan', '(718) 939-3808', '37-04 Prince St', 'Flushing', '11354', 'NY', 'Chinese', 'mapo-szechuan-flushing'),
('Gu Shine Taiwanese Restaurant', '(718) 939-5468', '135-38 39th Ave.', 'Flushing', '11354', 'NY', 'Taiwanese', 'gu-shine-taiwanese-restaurant-flushing-2'),
('Pho Bang', '(718) 939-5520', '41-07 Kissena Blvd', 'Flushing', '11355', 'NY', 'Vietnamese', 'phobang-restaurant-flushing'),
('Bonjuk', '(718) 939-5868', '152-26 Northern Blvd', 'Flushing', '11354', 'NY', 'Korean', 'bonjuk-flushing'),
('Palazzo', '(718) 939-7252', '154-17 Roosevelt Ave', 'Flushing', '11354', 'NY', 'Asian Fusion', 'palazzo-grill-and-bar-flushing'),
('Nolbu Sushi', '(718) 939-7374', '164-25 Northern Blvd', 'Flushing', '11358', 'NY', 'Korean, Sushi', 'nolbu-food-flushing-2'),
('Pho 32 N Shabu', '(718) 939-7770', '14906 41st Ave', 'Flushing', '11355', 'NY', 'Vietnamese', 'pho-32-flushing-2'),
('Little Pepper', '(718) 939-7788', '18-24 College Point Blvd.', 'Flushing', '11356', 'NY', 'Szechuan', 'little-pepper-college-point'),
('Shin Hwang Je Topokki', '(718) 939-8080', '157-22 Northern Blvd', 'Flushing', '11354', 'NY', 'Korean', 'shin-hwang-je-topokki-flushing'),
('Arita Ichiban', '(718) 939-8999', '43-07 Main St', 'Flushing', '11355', 'NY', 'Japanese', 'arita-ichiban-flushing'),
('Kyochon', '(718) 939-9292', '156-52 Northern Blvd', 'Flushing', '11354', 'NY', 'Chicken', 'kyochon-flushing'),
('Phil & Sons', '(718) 961-0263', '57-29 Main St.', 'Flushing', '11355', 'NY', 'Italian', 'phil-and-sons-pizzeria-and-restaurant-flushing'),
('Jang Soo Chon', '(718) 961-0800', '150-32 Northern Blvd', 'Flushing', '11354', 'NY', 'Korean, Barbecue', 'jang-soo-chon-flushing'),
('Happy Garden', '(718) 961-1388', '60-06 Main St', 'Flushing', '11355', 'NY', 'Chinese', 'happy-garden-restaurant-flushing'),
('Jin Cheng', '(718) 961-1668', '142-38 Roosevelt Ave', 'Flushing', '11354', 'NY', 'Chinese', 'jin-cheng-restaurant-flushing'),
('White Bear', '(718) 961-2322', '135-02 Prince St', 'Flushing', '11354', 'NY', 'Chinese', 'white-bear-flushing'),
('Old Street Food Place', '(718) 961-2599', '86 138th St', 'Flushing', '11354', 'NY', 'Chinese', 'old-street-food-place-incorporated-flushing'),
('Yummy House', '(718) 961-3094', '144-20 45th Ave', 'Flushing', '11355', 'NY', 'Chinese', 'yummy-house-flushing'),
('Extra Cheese Pizzeria', '(718) 961-3122', '147-20 Northern Blvd', 'Flushing', '11354', 'NY', 'Pizza', 'xtra-cheese-pizza-flushing'),
('Java Day Cafe', '(718) 961-4444', '160-09 Northern Blvd', 'Flushing', '11358', 'NY', 'Cafes & Coffeehouses', 'java-day-cafe-flushing'),
('Na Moo Dol', '(718) 961-4742', '29-02 Union St', 'Flushing', '11354', 'NY', 'Korean', 'na-moo-dol-flushing'),
('Dynasty Chinese', '(718) 961-5100', '147-46 Northern Blvd', 'Flushing', '11354', 'NY', 'Chinese', 'dynasty-chinese-restaurant-flushing'),
('B.B.S Pub and Grill', '(718) 961-6161', '171-57 46th Ave', 'Flushing', '11358', 'NY', 'Sandwiches, Bar Food', 'b-b-s-pub-and-grill-flushing'),
('Meishi Lin', '(718) 961-7500', '135-32 40th Rd', 'Flushing', '11354', 'NY', 'Chinese', 'mei-shi-lin-flushing'),
('Hot Pot House', '(718) 961-8877', '136-21 41st Ave', 'Flushing', '11355', 'NY', 'Chinese', 'hot-pot-house-flushing'),
('Latin Bakery', '(718) 961-8900', '41-41 Main St', 'Flushing', '11355', 'NY', 'Latin American, Bakeries', 'latin-bakery-restaurant-queens'),
('Guan Dong Yi Jia', '(917) 285-2052', '46-09 Kissena Blvd.', 'Flushing', '11355', 'NY', 'North East Chinese', 'guan-dong-yi-jia-flushing'),
('Sugar Sugar Dessert', '(917) 285-2223', '36-30 Union St.', 'Flushing', '11354', 'NY', 'Dessert', 'sugar-sugar-flushing'),
('iCook Hot Pot', '(917) 285-2516', '133-24 41st Ave', 'Flushing', '11355', 'NY', 'Korean, Soups', 'icook-buffet-flushing'),
('T-swirl Crepe', '(917) 285-2521', '40-08 Union St.', 'Flushing', '11354', 'NY', 'Dessert', 't-swirl-cr%C3%AApe-flushing-2'),
('Prince Tea House', '(917) 285-2523', '36-39 Prince St', 'Flushing', '11354', 'NY', 'Desserts', 'prince-tea-house-flushing-2'),
('Doraon 1.5 Dak Galbi', '(917) 285-2772', '158-03 Northern Blvd', 'Flushing', '11358', 'NY', 'Korean, Chicken', 'doraon-1-5-dak-galbi-flushing'),
('Mojoilla Fresh', '(917) 535-9099', '136-20 Roosevelt Ave', 'Flushing', '11354', 'NY', 'Crepes, Desserts', 'mojoilla-fresh-flushing'),
('Yohielo', '(917) 698-3683', '136 27A Roosevelt Ave', 'Flushing', '11354', 'NY', 'Desserts', 'yohielo-flushing'),
('Han Kou Steaks & Appetizer', '(917) 698-6084', '133-31 39th Ave', 'Flushing', '11354', 'NY', 'Chinese', 'han-kou-steaks-and-appetizer-flushing-2');

-- --------------------------------------------------------

--
-- Table structure for table `yelp`
--

CREATE TABLE IF NOT EXISTS `yelp` (
  `phone` varchar(15) NOT NULL,
  `lastUpdated` timestamp NOT NULL DEFAULT CURRENT_TIMESTAMP ON UPDATE CURRENT_TIMESTAMP,
  `yelp` varchar(100) NOT NULL,
  `ratingUrl` varchar(500) DEFAULT NULL,
  PRIMARY KEY (`phone`)
) ENGINE=InnoDB DEFAULT CHARSET=utf8;

--
-- Dumping data for table `yelp`
--

INSERT INTO `yelp` (`phone`, `lastUpdated`, `yelp`, `ratingUrl`) VALUES
('(347) 368-4471', '2015-07-25 04:23:25', 'arya-kabob-house-flushing-2', 'http://s3-media2.fl.yelpcdn.com/assets/2/www/img/99493c12711e/ico/stars/v1/stars_4_half.png'),
('(347) 368-6557', '2015-07-25 04:23:57', 'da-myun-flushing', 'http://s3-media4.fl.yelpcdn.com/assets/2/www/img/c2f3dd9799a5/ico/stars/v1/stars_4.png'),
('(347) 368-6735', '2015-07-25 05:39:03', 'new-york-food-court-flushing', 'http://s3-media4.fl.yelpcdn.com/assets/2/www/img/c2f3dd9799a5/ico/stars/v1/stars_4.png'),
('(347) 368-6755', '2015-07-25 04:24:41', 'kissa-bar-flushing-5', 'http://s3-media2.fl.yelpcdn.com/assets/2/www/img/99493c12711e/ico/stars/v1/stars_4_half.png'),
('(347) 369-6191', '2015-07-25 05:39:03', 'teaus-flushing-2', 'http://s3-media1.fl.yelpcdn.com/assets/2/www/img/5ef3eb3cb162/ico/stars/v1/stars_3_half.png'),
('(347) 732-0329', '2015-07-25 04:24:41', 'moon-cafe-flushing-2', 'http://s3-media1.fl.yelpcdn.com/assets/2/www/img/5ef3eb3cb162/ico/stars/v1/stars_3_half.png'),
('(347) 757-8208', '2015-07-25 04:24:42', 'lan-zhou-handmade-noodle-flushing', 'http://s3-media4.fl.yelpcdn.com/assets/2/www/img/c2f3dd9799a5/ico/stars/v1/stars_4.png'),
('(347) 799-1344', '2015-07-25 04:24:42', 'fruitti-yummi-frozen-yogurt-ridgewood', 'http://s3-media4.fl.yelpcdn.com/assets/2/www/img/c2f3dd9799a5/ico/stars/v1/stars_4.png'),
('(347) 822-8082', '2015-07-25 04:24:42', 'magic-tea-house-flushing', 'http://s3-media4.fl.yelpcdn.com/assets/2/www/img/c2f3dd9799a5/ico/stars/v1/stars_4.png'),
('(646) 318-9586', '2015-07-25 05:39:05', 'new-world-mall-food-court-flushing', 'http://s3-media4.fl.yelpcdn.com/assets/2/www/img/c2f3dd9799a5/ico/stars/v1/stars_4.png'),
('(646) 535-3390', '2015-07-25 04:24:43', 'qqbee-flushing', 'http://s3-media4.fl.yelpcdn.com/assets/2/www/img/c2f3dd9799a5/ico/stars/v1/stars_4.png'),
('(646) 573-5508', '2015-07-25 05:39:05', 'yummy-sushi-house-flushing', 'http://s3-media1.fl.yelpcdn.com/assets/2/www/img/5ef3eb3cb162/ico/stars/v1/stars_3_half.png'),
('(646) 798-0338', '2015-07-25 05:39:06', 'kalamaki-gr-flushing-2', 'http://s3-media1.fl.yelpcdn.com/assets/2/www/img/5ef3eb3cb162/ico/stars/v1/stars_3_half.png'),
('(646) 881-6992', '2015-07-25 05:39:07', 'mango-mango-dessert-flushing-2', 'http://s3-media4.fl.yelpcdn.com/assets/2/www/img/c2f3dd9799a5/ico/stars/v1/stars_4.png'),
('(646) 915-7853', '2015-07-25 05:39:07', 'jb-crispy-pancake-flushing', 'http://s3-media2.fl.yelpcdn.com/assets/2/www/img/99493c12711e/ico/stars/v1/stars_4_half.png'),
('(718) 224-1717', '2015-07-25 05:39:07', 'piccolo-sogno-flushing', 'http://s3-media4.fl.yelpcdn.com/assets/2/www/img/c2f3dd9799a5/ico/stars/v1/stars_4.png'),
('(718) 225-7455', '2015-07-25 04:24:44', 'silk-hookah-lounge-and-grill-flushing', 'http://s3-media1.fl.yelpcdn.com/assets/2/www/img/5ef3eb3cb162/ico/stars/v1/stars_3_half.png'),
('(718) 225-8000', '2015-07-25 04:24:44', 'north-shore-diner-flushing', 'http://s3-media3.fl.yelpcdn.com/assets/2/www/img/34bc8086841c/ico/stars/v1/stars_3.png'),
('(718) 268-1818', '2015-07-25 04:24:44', 'masuyo-asian-fusion-flushing-2', 'http://s3-media4.fl.yelpcdn.com/assets/2/www/img/c2f3dd9799a5/ico/stars/v1/stars_4.png'),
('(718) 279-7080', '2015-07-25 04:24:44', 'gammeeok-tang-flushing', 'http://s3-media4.fl.yelpcdn.com/assets/2/www/img/c2f3dd9799a5/ico/stars/v1/stars_4.png'),
('(718) 304-0211', '2015-07-25 05:39:09', 'sparkys-deli-flushing', 'http://s3-media4.fl.yelpcdn.com/assets/2/www/img/c7fb9aff59f9/ico/stars/v1/stars_2_half.png'),
('(718) 304-5257', '2015-07-25 05:39:09', 'baoding-cfc-flushing', 'http://s3-media3.fl.yelpcdn.com/assets/2/www/img/34bc8086841c/ico/stars/v1/stars_3.png'),
('(718) 308-6582', '2015-07-25 04:24:45', 'chung-moo-rollrice-and-dongas-flushing', 'http://s3-media4.fl.yelpcdn.com/assets/2/www/img/c2f3dd9799a5/ico/stars/v1/stars_4.png'),
('(718) 321-0185', '2015-07-25 04:24:45', 'arirang-restaurant-flushing-2', 'http://s3-media1.fl.yelpcdn.com/assets/2/www/img/5ef3eb3cb162/ico/stars/v1/stars_3_half.png'),
('(718) 321-0506', '2015-07-25 04:24:45', 'thanya-thai-cuisine-flushing', 'http://s3-media4.fl.yelpcdn.com/assets/2/www/img/c2f3dd9799a5/ico/stars/v1/stars_4.png'),
('(718) 321-0775', '2015-07-25 05:39:10', 'kennedy-fried-chicken-flushing-2', 'http://s3-media1.fl.yelpcdn.com/assets/2/www/img/f64056afac01/ico/stars/v1/stars_1.png'),
('(718) 321-0800', '2015-07-25 04:24:46', 'cutting-board-flushing-flushing', 'http://s3-media3.fl.yelpcdn.com/assets/2/www/img/34bc8086841c/ico/stars/v1/stars_3.png'),
('(718) 321-0904', '2015-07-25 04:24:46', '66-lus-seafood-flushing-2', 'http://s3-media1.fl.yelpcdn.com/assets/2/www/img/5ef3eb3cb162/ico/stars/v1/stars_3_half.png'),
('(718) 321-1363', '2015-07-25 04:24:46', 'fu-run-flushing', 'http://s3-media4.fl.yelpcdn.com/assets/2/www/img/c2f3dd9799a5/ico/stars/v1/stars_4.png'),
('(718) 321-1599', '2015-07-25 04:24:46', 'tong-tong-tonkatsu-flushing', 'http://s3-media1.fl.yelpcdn.com/assets/2/www/img/5ef3eb3cb162/ico/stars/v1/stars_3_half.png'),
('(718) 321-1616', '2015-07-25 05:39:12', 'shanghai-si-fang-dish-flushing', 'http://s3-media4.fl.yelpcdn.com/assets/2/www/img/c7fb9aff59f9/ico/stars/v1/stars_2_half.png'),
('(718) 321-1759', '2015-07-25 04:24:47', 'fay-da-bakery-flushing', 'http://s3-media3.fl.yelpcdn.com/assets/2/www/img/34bc8086841c/ico/stars/v1/stars_3.png'),
('(718) 321-2007', '2015-07-25 04:24:48', 'lee-soo-restaurant-murray-hill', 'http://s3-media4.fl.yelpcdn.com/assets/2/www/img/c2f3dd9799a5/ico/stars/v1/stars_4.png'),
('(718) 321-2226', '2015-07-25 04:24:48', 'asian-gourmet-new-york', 'http://s3-media3.fl.yelpcdn.com/assets/2/www/img/34bc8086841c/ico/stars/v1/stars_3.png'),
('(718) 321-2231', '2015-07-25 04:24:48', 'sushi-family-flushing', 'http://s3-media4.fl.yelpcdn.com/assets/2/www/img/c2f3dd9799a5/ico/stars/v1/stars_4.png'),
('(718) 321-2770', '2015-07-25 04:24:48', 'bbq-village-flushing-2', 'http://s3-media3.fl.yelpcdn.com/assets/2/www/img/34bc8086841c/ico/stars/v1/stars_3.png'),
('(718) 321-2828', '2015-07-25 04:24:48', 'xiao-yuan-huan-flushing-2', 'http://s3-media1.fl.yelpcdn.com/assets/2/www/img/5ef3eb3cb162/ico/stars/v1/stars_3_half.png'),
('(718) 321-2886', '2015-07-25 04:24:49', 'kung-fu-tea-flushing-3', 'http://s3-media1.fl.yelpcdn.com/assets/2/www/img/5ef3eb3cb162/ico/stars/v1/stars_3_half.png'),
('(718) 321-3231', '2015-07-25 04:24:49', 'seoul-soon-dae-flushing', 'http://s3-media1.fl.yelpcdn.com/assets/2/www/img/5ef3eb3cb162/ico/stars/v1/stars_3_half.png'),
('(718) 321-3688', '2015-07-25 04:24:49', 'spicy-house-flushing', 'http://s3-media4.fl.yelpcdn.com/assets/2/www/img/c2f3dd9799a5/ico/stars/v1/stars_4.png'),
('(718) 321-3818', '2015-07-25 04:24:49', 'mad-for-chicken-flushing', 'http://s3-media4.fl.yelpcdn.com/assets/2/www/img/c2f3dd9799a5/ico/stars/v1/stars_4.png'),
('(718) 321-3838', '2015-07-25 04:24:50', 'nan-xiang-dumpling-house-flushing', 'http://s3-media4.fl.yelpcdn.com/assets/2/www/img/c2f3dd9799a5/ico/stars/v1/stars_4.png'),
('(718) 321-7309', '2015-07-25 04:24:50', 'ok-ryan-restaurant-flushing', 'http://s3-media4.fl.yelpcdn.com/assets/2/www/img/c2f3dd9799a5/ico/stars/v1/stars_4.png'),
('(718) 321-7388', '2015-07-25 04:24:50', 'yao-tai-lou-restaurant-flushing', 'http://s3-media4.fl.yelpcdn.com/assets/2/www/img/c2f3dd9799a5/ico/stars/v1/stars_4.png'),
('(718) 321-7770', '2015-07-25 04:24:51', 'sik-gaek-chun-ha-flushing', 'http://s3-media4.fl.yelpcdn.com/assets/2/www/img/c2f3dd9799a5/ico/stars/v1/stars_4.png'),
('(718) 321-8258', '2015-07-25 04:24:51', 'grand-restaurant-flushing', 'http://s3-media4.fl.yelpcdn.com/assets/2/www/img/c7fb9aff59f9/ico/stars/v1/stars_2_half.png'),
('(718) 321-8298', '2015-07-25 04:24:51', 'mixx-flushing', 'http://s3-media1.fl.yelpcdn.com/assets/2/www/img/5ef3eb3cb162/ico/stars/v1/stars_3_half.png'),
('(718) 321-8566', '2015-07-25 04:24:52', 'coco-fresh-tea-and-juice-flushing', 'http://s3-media1.fl.yelpcdn.com/assets/2/www/img/5ef3eb3cb162/ico/stars/v1/stars_3_half.png'),
('(718) 321-8818', '2015-07-25 04:24:52', 'kato-cafe-flushing', 'http://s3-media4.fl.yelpcdn.com/assets/2/www/img/c2f3dd9799a5/ico/stars/v1/stars_4.png'),
('(718) 321-8822', '2015-07-25 04:24:53', 'asian-cafe-flushing', 'http://s3-media3.fl.yelpcdn.com/assets/2/www/img/34bc8086841c/ico/stars/v1/stars_3.png'),
('(718) 321-9385', '2015-07-25 05:42:22', 'francis-lewis-gourmet-deli-grocery-flushing', 'NULL'),
('(718) 352-8899', '2015-07-25 04:24:53', 'great-wall-restaurant-bayside', 'http://s3-media3.fl.yelpcdn.com/assets/2/www/img/34bc8086841c/ico/stars/v1/stars_3.png'),
('(718) 353-0077', '2015-07-25 04:24:53', 'jjajang-com-flushing', 'http://s3-media1.fl.yelpcdn.com/assets/2/www/img/5ef3eb3cb162/ico/stars/v1/stars_3_half.png'),
('(718) 353-0081', '2015-07-25 04:24:53', 'yupdduk-flushing-flushing', 'http://s3-media4.fl.yelpcdn.com/assets/2/www/img/c2f3dd9799a5/ico/stars/v1/stars_4.png'),
('(718) 353-0278', '2015-07-25 04:24:54', 'hly-chinese-cuisine-flushing', 'http://s3-media2.fl.yelpcdn.com/assets/2/www/img/99493c12711e/ico/stars/v1/stars_4_half.png'),
('(718) 353-0551', '2015-07-25 04:24:54', 'new-world-mall-food-court-flushing', 'http://s3-media4.fl.yelpcdn.com/assets/2/www/img/c2f3dd9799a5/ico/stars/v1/stars_4.png'),
('(718) 353-0690', '2015-07-25 05:42:23', 'super-deli-flushing', 'NULL'),
('(718) 353-0730', '2015-07-25 05:42:23', 'fay-da-bakery-new-york-12', 'http://s3-media3.fl.yelpcdn.com/assets/2/www/img/34bc8086841c/ico/stars/v1/stars_3.png'),
('(718) 353-1123', '2015-07-25 04:24:55', 'roll-zip-queens', 'http://s3-media4.fl.yelpcdn.com/assets/2/www/img/c2f3dd9799a5/ico/stars/v1/stars_4.png'),
('(718) 353-1166', '2015-07-25 04:24:55', 'flushing-noodle-shop-flushing', 'http://s3-media1.fl.yelpcdn.com/assets/2/www/img/5ef3eb3cb162/ico/stars/v1/stars_3_half.png'),
('(718) 353-1575', '2015-07-25 04:24:55', 'kungfu-hibachi-queens', 'http://s3-media4.fl.yelpcdn.com/assets/2/www/img/c2f3dd9799a5/ico/stars/v1/stars_4.png'),
('(718) 353-1808', '2015-07-25 04:24:56', 'hunan-house-flushing', 'http://s3-media4.fl.yelpcdn.com/assets/2/www/img/c2f3dd9799a5/ico/stars/v1/stars_4.png'),
('(718) 353-1888', '2015-07-25 05:42:25', 'bangkok-thai-cuisine-flushing', 'http://s3-media3.fl.yelpcdn.com/assets/2/www/img/34bc8086841c/ico/stars/v1/stars_3.png'),
('(718) 353-2901', '2015-07-25 04:24:56', 'malay-restaurant-flushing', 'http://s3-media4.fl.yelpcdn.com/assets/2/www/img/c2f3dd9799a5/ico/stars/v1/stars_4.png'),
('(718) 353-3530', '2015-07-25 05:42:26', 'o-crab-flushing-2', 'http://s3-media3.fl.yelpcdn.com/assets/2/www/img/34bc8086841c/ico/stars/v1/stars_3.png'),
('(718) 353-3955', '2015-07-25 05:42:26', 'bowne-park-deli-flushing', 'NULL'),
('(718) 353-4006', '2015-07-25 04:24:57', 'kan-izakaya-flushing', 'http://s3-media1.fl.yelpcdn.com/assets/2/www/img/5ef3eb3cb162/ico/stars/v1/stars_3_half.png'),
('(718) 353-4200', '2015-07-25 04:24:57', 'teaus-flushing-2', 'http://s3-media1.fl.yelpcdn.com/assets/2/www/img/5ef3eb3cb162/ico/stars/v1/stars_3_half.png'),
('(718) 353-5330', '2015-07-25 04:24:58', 'bbq-chicken-flushing', 'http://s3-media1.fl.yelpcdn.com/assets/2/www/img/5ef3eb3cb162/ico/stars/v1/stars_3_half.png'),
('(718) 353-5576', '2015-07-25 04:24:58', 'ihop-flushing-2', 'http://s3-media4.fl.yelpcdn.com/assets/2/www/img/c7fb9aff59f9/ico/stars/v1/stars_2_half.png'),
('(718) 353-5577', '2015-07-25 04:24:58', 'hyderabadi-biryani-and-chat-flushing', 'http://s3-media4.fl.yelpcdn.com/assets/2/www/img/c2f3dd9799a5/ico/stars/v1/stars_4.png'),
('(718) 353-5707', '2015-07-25 04:24:58', 'new-kissena-flushing', 'http://s3-media4.fl.yelpcdn.com/assets/2/www/img/c2f3dd9799a5/ico/stars/v1/stars_4.png'),
('(718) 353-5791', '2015-07-25 04:24:59', 'shanghai-cuisine-33-flushing', 'http://s3-media1.fl.yelpcdn.com/assets/2/www/img/5ef3eb3cb162/ico/stars/v1/stars_3_half.png'),
('(718) 353-6265', '2015-07-25 04:24:59', 'zhu-ji-dumpling-stall-flushing-2', 'http://s3-media1.fl.yelpcdn.com/assets/2/www/img/5ef3eb3cb162/ico/stars/v1/stars_3_half.png'),
('(718) 353-7313', '2015-07-25 04:24:59', 'new-age-market-flushing', 'http://s3-media4.fl.yelpcdn.com/assets/2/www/img/c2f3dd9799a5/ico/stars/v1/stars_4.png'),
('(718) 353-7327', '2015-07-25 04:24:59', 'gong-cha-flushing-8', 'http://s3-media4.fl.yelpcdn.com/assets/2/www/img/c2f3dd9799a5/ico/stars/v1/stars_4.png'),
('(718) 353-7683', '2015-07-25 05:42:29', 'red-bowl-noodle-shop-flushing', 'http://s3-media3.fl.yelpcdn.com/assets/2/www/img/34bc8086841c/ico/stars/v1/stars_3.png'),
('(718) 353-8160', '2015-07-25 05:42:29', 'sol-hyang-ki-flushing', 'http://s3-media3.fl.yelpcdn.com/assets/2/www/img/34bc8086841c/ico/stars/v1/stars_3.png'),
('(718) 353-8188', '2015-07-25 04:25:00', 'crazy-crab-flushing', 'http://s3-media1.fl.yelpcdn.com/assets/2/www/img/5ef3eb3cb162/ico/stars/v1/stars_3_half.png'),
('(718) 353-8998', '2015-07-25 05:42:29', 'xiao-dong-bei-chinese-cuisine-queens', 'http://s3-media1.fl.yelpcdn.com/assets/2/www/img/f1def11e4e79/ico/stars/v1/stars_5.png'),
('(718) 353-9538', '2015-07-25 04:25:00', 'mapo-szechuan-flushing', 'http://s3-media1.fl.yelpcdn.com/assets/2/www/img/5ef3eb3cb162/ico/stars/v1/stars_3_half.png'),
('(718) 357-3798', '2015-07-25 04:25:01', 'new-cathay-restaurant-flushing', 'http://s3-media1.fl.yelpcdn.com/assets/2/www/img/5ef3eb3cb162/ico/stars/v1/stars_3_half.png'),
('(718) 357-6528', '2015-07-25 04:25:01', 'michael-and-sons-pizza-and-italian-food-flushing', 'http://s3-media4.fl.yelpcdn.com/assets/2/www/img/c2f3dd9799a5/ico/stars/v1/stars_4.png'),
('(718) 357-6596', '2015-07-25 04:25:01', 'mythos-authentic-greek-cuisine-flushing', 'http://s3-media3.fl.yelpcdn.com/assets/2/www/img/34bc8086841c/ico/stars/v1/stars_3.png'),
('(718) 358-0002', '2015-07-25 04:25:02', 'dae-bach-sik-dang-flushing', 'http://s3-media4.fl.yelpcdn.com/assets/2/www/img/c2f3dd9799a5/ico/stars/v1/stars_4.png'),
('(718) 358-0215', '2015-07-25 05:42:31', 'mango-mango-dessert-flushing-2', 'http://s3-media4.fl.yelpcdn.com/assets/2/www/img/c2f3dd9799a5/ico/stars/v1/stars_4.png'),
('(718) 358-0288', '2015-07-25 04:25:02', 'tous-les-jours-flushing-3', 'http://s3-media4.fl.yelpcdn.com/assets/2/www/img/c2f3dd9799a5/ico/stars/v1/stars_4.png'),
('(718) 358-0666', '2015-07-25 04:25:02', 'foo-kee-seafood-restaurant-flushing', 'http://s3-media1.fl.yelpcdn.com/assets/2/www/img/5ef3eb3cb162/ico/stars/v1/stars_3_half.png'),
('(718) 358-0888', '2015-07-25 04:25:03', 'east-lake-seafood-restaurant-flushing', 'http://s3-media1.fl.yelpcdn.com/assets/2/www/img/5ef3eb3cb162/ico/stars/v1/stars_3_half.png'),
('(718) 358-1818', '2015-07-25 04:25:03', 'friend-house-queens', 'http://s3-media4.fl.yelpcdn.com/assets/2/www/img/c7fb9aff59f9/ico/stars/v1/stars_2_half.png'),
('(718) 358-1835', '2015-07-25 04:25:03', 'quickly-flushing', 'http://s3-media4.fl.yelpcdn.com/assets/2/www/img/c2f3dd9799a5/ico/stars/v1/stars_4.png'),
('(718) 358-1883', '2015-07-25 04:25:04', 'dragon-town-flushing', 'http://s3-media1.fl.yelpcdn.com/assets/2/www/img/5ef3eb3cb162/ico/stars/v1/stars_3_half.png'),
('(718) 358-2333', '2015-07-25 04:25:04', 'taco-hut-new-york', 'http://s3-media3.fl.yelpcdn.com/assets/2/www/img/34bc8086841c/ico/stars/v1/stars_3.png'),
('(718) 358-3333', '2015-07-25 04:25:04', 'je-ju-do-flushing', 'http://s3-media3.fl.yelpcdn.com/assets/2/www/img/34bc8086841c/ico/stars/v1/stars_3.png'),
('(718) 358-3355', '2015-07-25 04:25:05', 'okinae-korean-restaurant-murray-hill', 'http://s3-media4.fl.yelpcdn.com/assets/2/www/img/c2f3dd9799a5/ico/stars/v1/stars_4.png'),
('(718) 358-3500', '2015-07-25 05:42:34', 'pho-bac-flushing', 'http://s3-media1.fl.yelpcdn.com/assets/2/www/img/5ef3eb3cb162/ico/stars/v1/stars_3_half.png'),
('(718) 358-3869', '2015-07-25 04:25:05', 'dong-hae-ru-restaurant-flushing-2', 'http://s3-media1.fl.yelpcdn.com/assets/2/www/img/5ef3eb3cb162/ico/stars/v1/stars_3_half.png'),
('(718) 358-4706', '2015-07-25 05:42:35', 'graziella-ristorante-flushing', 'http://s3-media2.fl.yelpcdn.com/assets/2/www/img/99493c12711e/ico/stars/v1/stars_4_half.png'),
('(718) 358-5037', '2015-07-25 04:25:05', 'universe-dragon-flushing', 'http://s3-media1.fl.yelpcdn.com/assets/2/www/img/f1def11e4e79/ico/stars/v1/stars_5.png'),
('(718) 358-5959', '2015-07-25 04:25:06', 'picnic-garden-flushing', 'http://s3-media4.fl.yelpcdn.com/assets/2/www/img/c2f3dd9799a5/ico/stars/v1/stars_4.png'),
('(718) 358-6667', '2015-07-25 04:25:07', 'happy-family-hotpot-flushing-2', 'http://s3-media3.fl.yelpcdn.com/assets/2/www/img/34bc8086841c/ico/stars/v1/stars_3.png'),
('(718) 358-8300', '2015-07-25 04:25:08', 'kyedong-fried-chicken-flushing', 'http://s3-media4.fl.yelpcdn.com/assets/2/www/img/c2f3dd9799a5/ico/stars/v1/stars_4.png'),
('(718) 358-8855', '2015-07-25 05:42:45', 'noodle-village-so-good-stall-2-flushing', 'http://s3-media4.fl.yelpcdn.com/assets/2/www/img/c2f3dd9799a5/ico/stars/v1/stars_4.png'),
('(718) 358-8878', '2015-07-25 04:25:08', 'tong-hai-tung-bakery-flushing', 'http://s3-media1.fl.yelpcdn.com/assets/2/www/img/5ef3eb3cb162/ico/stars/v1/stars_3_half.png'),
('(718) 358-9810', '2015-07-25 05:42:46', 'east-buffet-and-restaurant-flushing', 'http://s3-media4.fl.yelpcdn.com/assets/2/www/img/c7fb9aff59f9/ico/stars/v1/stars_2_half.png'),
('(718) 359-0810', '2015-07-25 04:25:08', 'sarku-japan-flushing', 'http://s3-media3.fl.yelpcdn.com/assets/2/www/img/34bc8086841c/ico/stars/v1/stars_3.png'),
('(718) 359-1227', '2015-07-25 04:25:09', 'jang-tuh-sutbulgui-flushing', 'http://s3-media4.fl.yelpcdn.com/assets/2/www/img/c2f3dd9799a5/ico/stars/v1/stars_4.png'),
('(718) 359-1313', '2015-07-25 04:25:09', 'asian-chef-flushing', 'http://s3-media1.fl.yelpcdn.com/assets/2/www/img/5ef3eb3cb162/ico/stars/v1/stars_3_half.png'),
('(718) 359-1601', '2015-07-25 04:25:09', 'spicy-and-tasty-flushing', 'http://s3-media4.fl.yelpcdn.com/assets/2/www/img/c2f3dd9799a5/ico/stars/v1/stars_4.png'),
('(718) 359-2108', '2015-07-25 05:42:47', 'lu-xiang-yuan-flushing', 'http://s3-media4.fl.yelpcdn.com/assets/2/www/img/c7fb9aff59f9/ico/stars/v1/stars_2_half.png'),
('(718) 359-2324', '2015-07-25 04:25:10', 'udon-west-flushing', 'http://s3-media1.fl.yelpcdn.com/assets/2/www/img/5ef3eb3cb162/ico/stars/v1/stars_3_half.png'),
('(718) 359-2393', '2015-07-25 04:25:10', 'great-wall-kitchen-flushing', 'http://s3-media1.fl.yelpcdn.com/assets/2/www/img/5ef3eb3cb162/ico/stars/v1/stars_3_half.png'),
('(718) 359-2624', '2015-07-25 04:25:10', 'hwa-lung-kitchen-flushing', 'http://s3-media3.fl.yelpcdn.com/assets/2/www/img/34bc8086841c/ico/stars/v1/stars_3.png'),
('(718) 359-4583', '2015-07-25 04:25:11', 'tong-sam-gyup-goo-ee-korean-restaurant-flushing-2', 'http://s3-media4.fl.yelpcdn.com/assets/2/www/img/c2f3dd9799a5/ico/stars/v1/stars_4.png'),
('(718) 359-4888', '2015-07-25 04:25:11', 'yao-shing-chinese-restaurant-flushing', 'http://s3-media1.fl.yelpcdn.com/assets/2/www/img/5ef3eb3cb162/ico/stars/v1/stars_3_half.png'),
('(718) 359-5454', '2015-07-25 04:25:11', 'gyro-corner-flushing', 'http://s3-media1.fl.yelpcdn.com/assets/2/www/img/5ef3eb3cb162/ico/stars/v1/stars_3_half.png'),
('(718) 359-6655', '2015-07-25 04:25:12', 'ding-tai-restaurant-flushing', 'http://s3-media4.fl.yelpcdn.com/assets/2/www/img/c2f3dd9799a5/ico/stars/v1/stars_4.png'),
('(718) 359-6888', '2015-07-25 04:25:12', 'han-joo-chik-naeng-myun-and-bbq-flushing', 'http://s3-media4.fl.yelpcdn.com/assets/2/www/img/c2f3dd9799a5/ico/stars/v1/stars_4.png'),
('(718) 359-7148', '2015-07-25 05:42:50', 'new-asian-food-flushing', 'NULL'),
('(718) 359-8600', '2015-07-25 04:25:12', 'asian-jewels-seafood-restaurant-flushing', 'http://s3-media4.fl.yelpcdn.com/assets/2/www/img/c2f3dd9799a5/ico/stars/v1/stars_4.png'),
('(718) 359-8698', '2015-07-25 05:42:50', 'el-recuerdo-new-york', 'http://s3-media4.fl.yelpcdn.com/assets/2/www/img/c7fb9aff59f9/ico/stars/v1/stars_2_half.png'),
('(718) 395-8119', '2015-07-25 04:25:14', 'ajisen-ramen-flushing-2', 'http://s3-media4.fl.yelpcdn.com/assets/2/www/img/c7fb9aff59f9/ico/stars/v1/stars_2_half.png'),
('(718) 395-8188', '2015-07-25 04:25:14', 'diverse-dim-sum-flushing', 'http://s3-media4.fl.yelpcdn.com/assets/2/www/img/c2f3dd9799a5/ico/stars/v1/stars_4.png'),
('(718) 423-4888', '2015-07-25 04:25:14', 'king-noodle-whitestone', 'http://s3-media1.fl.yelpcdn.com/assets/2/www/img/5ef3eb3cb162/ico/stars/v1/stars_3_half.png'),
('(718) 428-3800', '2015-07-25 04:25:14', 'gyro-world-flushing', 'http://s3-media1.fl.yelpcdn.com/assets/2/www/img/5ef3eb3cb162/ico/stars/v1/stars_3_half.png'),
('(718) 445-0579', '2015-07-25 04:25:14', 'amore-pizzeria-flushing', 'http://s3-media4.fl.yelpcdn.com/assets/2/www/img/c2f3dd9799a5/ico/stars/v1/stars_4.png'),
('(718) 445-0806', '2015-07-25 04:25:15', 'cheogajip-fried-chicken-new-york', 'http://s3-media1.fl.yelpcdn.com/assets/2/www/img/5ef3eb3cb162/ico/stars/v1/stars_3_half.png'),
('(718) 445-1165', '2015-07-25 04:25:15', 'san-soo-kap-san-flushing', 'http://s3-media4.fl.yelpcdn.com/assets/2/www/img/c2f3dd9799a5/ico/stars/v1/stars_4.png'),
('(718) 445-1313', '2015-07-25 04:25:15', 'lucia-pizza-flushing', 'http://s3-media2.fl.yelpcdn.com/assets/2/www/img/99493c12711e/ico/stars/v1/stars_4_half.png'),
('(718) 445-2162', '2015-07-25 05:42:53', 'delicias-hispanas-deli-flushing', 'NULL'),
('(718) 445-3155', '2015-07-25 05:42:53', 'noodle-flower-new-york', 'http://s3-media4.fl.yelpcdn.com/assets/2/www/img/c2f3dd9799a5/ico/stars/v1/stars_4.png'),
('(718) 445-3352', '2015-07-25 04:25:16', 'magna-ristorante-flushing', 'http://s3-media4.fl.yelpcdn.com/assets/2/www/img/c2f3dd9799a5/ico/stars/v1/stars_4.png'),
('(718) 445-4850', '2015-07-25 04:25:16', 'san-soo-kap-san-flushing-2', 'http://s3-media4.fl.yelpcdn.com/assets/2/www/img/c2f3dd9799a5/ico/stars/v1/stars_4.png'),
('(718) 445-7800', '2015-07-25 04:25:17', 'five-guys-burgers-and-fries-flushing-2', 'http://s3-media1.fl.yelpcdn.com/assets/2/www/img/5ef3eb3cb162/ico/stars/v1/stars_3_half.png'),
('(718) 445-8500', '2015-07-25 04:25:17', 'sam-won-gahk-flushing', 'http://s3-media4.fl.yelpcdn.com/assets/2/www/img/c2f3dd9799a5/ico/stars/v1/stars_4.png'),
('(718) 445-9799', '2015-07-25 04:25:18', 'kan-wah-restaurant-flushing', 'http://s3-media1.fl.yelpcdn.com/assets/2/www/img/5ef3eb3cb162/ico/stars/v1/stars_3_half.png'),
('(718) 460-0088', '2015-07-25 04:25:18', 'dae-sung-kal-kuk-soo-restaurant-flushing', 'http://s3-media2.fl.yelpcdn.com/assets/2/www/img/99493c12711e/ico/stars/v1/stars_4_half.png'),
('(718) 460-0500', '2015-07-25 04:25:18', 'cheong-hae-jin-flushing', 'http://s3-media3.fl.yelpcdn.com/assets/2/www/img/34bc8086841c/ico/stars/v1/stars_3.png'),
('(718) 460-1044', '2015-07-25 05:42:56', 'east-seafood-restaurant-flushing', 'http://s3-media4.fl.yelpcdn.com/assets/2/www/img/c2f3dd9799a5/ico/stars/v1/stars_4.png'),
('(718) 460-1266', '2015-07-25 05:42:56', 'ny-and-seoul-flushing', 'http://s3-media4.fl.yelpcdn.com/assets/2/www/img/c2f3dd9799a5/ico/stars/v1/stars_4.png'),
('(718) 460-1894', '2015-07-25 04:25:19', 'gateaux-bakery-and-cafe-flushing', 'http://s3-media3.fl.yelpcdn.com/assets/2/www/img/34bc8086841c/ico/stars/v1/stars_3.png'),
('(718) 460-4266', '2015-07-25 04:25:19', 'el-rancho-salvadoreno-flushing', 'http://s3-media4.fl.yelpcdn.com/assets/2/www/img/c7fb9aff59f9/ico/stars/v1/stars_2_half.png'),
('(718) 460-6200', '2015-07-25 04:25:19', 'mapo-galmaegi-flushing', 'http://s3-media4.fl.yelpcdn.com/assets/2/www/img/c2f3dd9799a5/ico/stars/v1/stars_4.png'),
('(718) 460-8018', '2015-07-25 04:25:20', 'fay-da-bakery-queens-3', 'http://s3-media2.fl.yelpcdn.com/assets/2/www/img/b561c24f8341/ico/stars/v1/stars_2.png'),
('(718) 460-8484', '2015-07-25 04:25:20', 'ganesh-temple-canteen-flushing', 'http://s3-media4.fl.yelpcdn.com/assets/2/www/img/c2f3dd9799a5/ico/stars/v1/stars_4.png'),
('(718) 460-8686', '2015-07-25 04:25:20', 'no-1-east-restaurant-flushing', 'http://s3-media1.fl.yelpcdn.com/assets/2/www/img/5ef3eb3cb162/ico/stars/v1/stars_3_half.png'),
('(718) 460-8787', '2015-07-25 04:25:21', 'tai-pan-bakery-flushing-2', 'http://s3-media3.fl.yelpcdn.com/assets/2/www/img/34bc8086841c/ico/stars/v1/stars_3.png'),
('(718) 460-8800', '2015-07-25 04:25:21', 'sun-mary-bakery-flushing', 'http://s3-media4.fl.yelpcdn.com/assets/2/www/img/c2f3dd9799a5/ico/stars/v1/stars_4.png'),
('(718) 460-9289', '2015-07-25 04:25:21', 'hahm-ji-bach-flushing-2', 'http://s3-media4.fl.yelpcdn.com/assets/2/www/img/c2f3dd9799a5/ico/stars/v1/stars_4.png'),
('(718) 461-0065', '2015-07-25 04:25:21', 'regina-pizzeria-flushing', 'http://s3-media4.fl.yelpcdn.com/assets/2/www/img/c2f3dd9799a5/ico/stars/v1/stars_4.png'),
('(718) 461-0808', '2015-07-25 05:42:59', 'dumpling-galaxy-flushing', 'http://s3-media3.fl.yelpcdn.com/assets/2/www/img/34bc8086841c/ico/stars/v1/stars_3.png'),
('(718) 461-0909', '2015-07-25 04:25:22', 'kum-gang-san-restaurant-flushing', 'http://s3-media1.fl.yelpcdn.com/assets/2/www/img/5ef3eb3cb162/ico/stars/v1/stars_3_half.png'),
('(718) 461-1313', '2015-07-25 04:25:22', 'great-house-restaurant-flushing', 'http://s3-media4.fl.yelpcdn.com/assets/2/www/img/c2f3dd9799a5/ico/stars/v1/stars_4.png'),
('(718) 461-1888', '2015-07-25 04:25:22', 'fay-da-bakery-queens-4', 'http://s3-media3.fl.yelpcdn.com/assets/2/www/img/34bc8086841c/ico/stars/v1/stars_3.png'),
('(718) 461-1919', '2015-07-25 04:25:22', 'kabul-kabab-house-flushing', 'http://s3-media4.fl.yelpcdn.com/assets/2/www/img/c2f3dd9799a5/ico/stars/v1/stars_4.png'),
('(718) 461-3030', '2015-07-25 04:25:22', 'janchi-janchi-new-york', 'http://s3-media2.fl.yelpcdn.com/assets/2/www/img/99493c12711e/ico/stars/v1/stars_4_half.png'),
('(718) 461-6100', '2015-07-25 04:25:23', 'primo-amore-italian-restaurant-flushing', 'http://s3-media4.fl.yelpcdn.com/assets/2/www/img/c2f3dd9799a5/ico/stars/v1/stars_4.png'),
('(718) 461-8686', '2015-07-25 04:25:23', 'pho-vietnamese-restaurant-flushing-2', 'http://s3-media3.fl.yelpcdn.com/assets/2/www/img/34bc8086841c/ico/stars/v1/stars_3.png'),
('(718) 461-8826', '2015-07-25 04:25:23', 'moon-star-chinese-takeout-rest-flushing', 'http://s3-media4.fl.yelpcdn.com/assets/2/www/img/c7fb9aff59f9/ico/stars/v1/stars_2_half.png'),
('(718) 463-0803', '2015-07-25 04:25:23', 'woo-chon-flushing', 'http://s3-media3.fl.yelpcdn.com/assets/2/www/img/34bc8086841c/ico/stars/v1/stars_3.png'),
('(718) 463-2218', '2015-07-25 04:25:23', 'barone-pizza-flushing', 'http://s3-media1.fl.yelpcdn.com/assets/2/www/img/5ef3eb3cb162/ico/stars/v1/stars_3_half.png'),
('(718) 463-2477', '2015-07-25 04:25:24', 'la-amistad-bakery-murray-hill', 'http://s3-media1.fl.yelpcdn.com/assets/2/www/img/5ef3eb3cb162/ico/stars/v1/stars_3_half.png'),
('(718) 463-2520', '2015-07-25 04:25:24', 'mani-korean-chinese-restaurant-flushing', 'http://s3-media3.fl.yelpcdn.com/assets/2/www/img/34bc8086841c/ico/stars/v1/stars_3.png'),
('(718) 463-4343', '2015-07-25 04:25:25', 'singas-famous-pizza-flushing-2', 'http://s3-media1.fl.yelpcdn.com/assets/2/www/img/5ef3eb3cb162/ico/stars/v1/stars_3_half.png'),
('(718) 539-0104', '2015-07-25 04:25:25', 'venice-pizza-flushing', 'http://s3-media4.fl.yelpcdn.com/assets/2/www/img/c2f3dd9799a5/ico/stars/v1/stars_4.png'),
('(718) 539-3180', '2015-07-25 04:25:25', 'choopan-kabab-house-flushing', 'http://s3-media3.fl.yelpcdn.com/assets/2/www/img/34bc8086841c/ico/stars/v1/stars_3.png'),
('(718) 539-4100', '2015-07-25 04:25:25', 'lao-dong-bei-flushing', 'http://s3-media4.fl.yelpcdn.com/assets/2/www/img/c2f3dd9799a5/ico/stars/v1/stars_4.png'),
('(718) 539-4596', '2015-07-25 04:25:26', 'kum-sung-chik-naengmyun-flushing', 'http://s3-media4.fl.yelpcdn.com/assets/2/www/img/c2f3dd9799a5/ico/stars/v1/stars_4.png'),
('(718) 539-5000', '2015-07-25 04:25:26', 'peking-chinese-restaurant-flushing', 'http://s3-media3.fl.yelpcdn.com/assets/2/www/img/34bc8086841c/ico/stars/v1/stars_3.png'),
('(718) 539-5115', '2015-07-25 04:25:26', 'kings-cafe-taiwanese-cuisine-flushing', 'http://s3-media4.fl.yelpcdn.com/assets/2/www/img/c2f3dd9799a5/ico/stars/v1/stars_4.png'),
('(718) 544-1014', '2015-07-25 04:25:26', 'sandwich-bar-new-york', 'http://s3-media4.fl.yelpcdn.com/assets/2/www/img/c2f3dd9799a5/ico/stars/v1/stars_4.png'),
('(718) 578-7677', '2015-07-25 04:25:27', 'mandu-factory-flushing', 'http://s3-media2.fl.yelpcdn.com/assets/2/www/img/99493c12711e/ico/stars/v1/stars_4_half.png'),
('(718) 661-0008', '2015-07-25 04:25:27', 'ke-zhang-flushing-2', 'http://s3-media3.fl.yelpcdn.com/assets/2/www/img/34bc8086841c/ico/stars/v1/stars_3.png'),
('(718) 661-0900', '2015-07-25 04:25:27', 'shanghai-tide-flushing', 'http://s3-media1.fl.yelpcdn.com/assets/2/www/img/5ef3eb3cb162/ico/stars/v1/stars_3_half.png'),
('(718) 661-1544', '2015-07-25 04:25:27', 'rolly-kimbab-flushing-2', 'http://s3-media4.fl.yelpcdn.com/assets/2/www/img/c2f3dd9799a5/ico/stars/v1/stars_4.png'),
('(718) 661-1616', '2015-07-25 04:25:28', 'fukuoka-shabu-shabu-flushing', 'http://s3-media4.fl.yelpcdn.com/assets/2/www/img/c2f3dd9799a5/ico/stars/v1/stars_4.png'),
('(718) 661-2882', '2015-07-25 04:25:28', 'kung-fu-xiao-long-bao-flushing', 'http://s3-media4.fl.yelpcdn.com/assets/2/www/img/c2f3dd9799a5/ico/stars/v1/stars_4.png'),
('(718) 661-4567', '2015-07-25 04:25:28', 'axis-bar-queens', 'http://s3-media1.fl.yelpcdn.com/assets/2/www/img/5ef3eb3cb162/ico/stars/v1/stars_3_half.png'),
('(718) 661-6655', '2015-07-25 04:25:28', 'red-chopstick-flushing', 'http://s3-media1.fl.yelpcdn.com/assets/2/www/img/5ef3eb3cb162/ico/stars/v1/stars_3_half.png'),
('(718) 661-9292', '2015-07-25 04:25:28', 'su-ra-chung-flushing', 'http://s3-media4.fl.yelpcdn.com/assets/2/www/img/c2f3dd9799a5/ico/stars/v1/stars_4.png'),
('(718) 670-7400', '2015-07-25 04:25:29', 'deluge-restaurant-flushing', 'http://s3-media3.fl.yelpcdn.com/assets/2/www/img/34bc8086841c/ico/stars/v1/stars_3.png'),
('(718) 690-2206', '2015-07-25 04:25:29', 'little-pepper-hot-pot-flushing', 'http://s3-media4.fl.yelpcdn.com/assets/2/www/img/c2f3dd9799a5/ico/stars/v1/stars_4.png'),
('(718) 709-8373', '2015-07-25 04:25:29', 'ah2-icetea-flushing', 'http://s3-media1.fl.yelpcdn.com/assets/2/www/img/5ef3eb3cb162/ico/stars/v1/stars_3_half.png'),
('(718) 713-0308', '2015-07-25 04:25:30', 'koreana-restaurant-and-bar-flushing', 'http://s3-media1.fl.yelpcdn.com/assets/2/www/img/5ef3eb3cb162/ico/stars/v1/stars_3_half.png'),
('(718) 762-1818', '2015-07-25 04:25:30', 'zhongyuan-hot-pot-flushing', 'http://s3-media4.fl.yelpcdn.com/assets/2/www/img/c2f3dd9799a5/ico/stars/v1/stars_4.png'),
('(718) 762-1955', '2015-07-25 04:25:30', 'xiao-du-hui-flushing', 'http://s3-media1.fl.yelpcdn.com/assets/2/www/img/5ef3eb3cb162/ico/stars/v1/stars_3_half.png'),
('(718) 762-2664', '2015-07-25 04:25:30', 'szechuan-house-flushing', 'http://s3-media4.fl.yelpcdn.com/assets/2/www/img/c2f3dd9799a5/ico/stars/v1/stars_4.png'),
('(718) 762-2799', '2015-07-25 04:25:31', 'bangane-flushing-2', 'http://s3-media4.fl.yelpcdn.com/assets/2/www/img/c2f3dd9799a5/ico/stars/v1/stars_4.png'),
('(718) 762-2874', '2015-07-25 04:25:31', 'gong-cha-bubble-tea-flushing-4', 'http://s3-media1.fl.yelpcdn.com/assets/2/www/img/5ef3eb3cb162/ico/stars/v1/stars_3_half.png'),
('(718) 762-6151', '2015-07-25 04:25:31', 'pho-hoang-flushing', 'http://s3-media3.fl.yelpcdn.com/assets/2/www/img/34bc8086841c/ico/stars/v1/stars_3.png'),
('(718) 762-6277', '2015-07-25 04:25:31', 'minnis-shabu-shabu-ii-flushing', 'http://s3-media1.fl.yelpcdn.com/assets/2/www/img/5ef3eb3cb162/ico/stars/v1/stars_3_half.png'),
('(718) 762-8821', '2015-07-25 04:25:32', 'jade-asian-restaurant-and-caterer-flushing', 'http://s3-media1.fl.yelpcdn.com/assets/2/www/img/5ef3eb3cb162/ico/stars/v1/stars_3_half.png'),
('(718) 762-9313', '2015-07-25 04:25:32', 'curry-leaves-flushing', 'http://s3-media1.fl.yelpcdn.com/assets/2/www/img/5ef3eb3cb162/ico/stars/v1/stars_3_half.png'),
('(718) 819-2121', '2015-07-25 04:25:32', 'el-patron-flushing', 'http://s3-media1.fl.yelpcdn.com/assets/2/www/img/5ef3eb3cb162/ico/stars/v1/stars_3_half.png'),
('(718) 819-2171', '2015-07-25 04:25:32', 'galbi-ma-eul-flushing-2', 'http://s3-media1.fl.yelpcdn.com/assets/2/www/img/5ef3eb3cb162/ico/stars/v1/stars_3_half.png'),
('(718) 877-8588', '2015-07-25 04:25:33', 'bubblechai-sushi-flushing', 'http://s3-media1.fl.yelpcdn.com/assets/2/www/img/5ef3eb3cb162/ico/stars/v1/stars_3_half.png'),
('(718) 886-0800', '2015-07-25 04:25:33', 'mae-il-jan-chi-flushing-2', 'http://s3-media2.fl.yelpcdn.com/assets/2/www/img/99493c12711e/ico/stars/v1/stars_4_half.png'),
('(718) 886-1118', '2015-07-25 04:25:33', 'big-apple-chinese-and-japanese-restaurant-flushing', 'http://s3-media3.fl.yelpcdn.com/assets/2/www/img/34bc8086841c/ico/stars/v1/stars_3.png'),
('(718) 886-1516', '2015-07-25 04:25:34', 'lucky-hand-pull-noodle-house-flushing', 'http://s3-media1.fl.yelpcdn.com/assets/2/www/img/5ef3eb3cb162/ico/stars/v1/stars_3_half.png'),
('(718) 886-1555', '2015-07-25 04:25:34', '88-canteen-flushing', 'http://s3-media3.fl.yelpcdn.com/assets/2/www/img/34bc8086841c/ico/stars/v1/stars_3.png'),
('(718) 886-1558', '2015-07-25 04:25:34', 'yi-jia-chinese-restaurant-flushing', 'http://s3-media1.fl.yelpcdn.com/assets/2/www/img/5ef3eb3cb162/ico/stars/v1/stars_3_half.png'),
('(718) 886-1833', '2015-07-25 04:25:35', 'tasty-house-18-flushing-4', 'http://s3-media1.fl.yelpcdn.com/assets/2/www/img/5ef3eb3cb162/ico/stars/v1/stars_3_half.png'),
('(718) 886-2294', '2015-07-25 04:25:35', 'new-super-snack-flushing', 'http://s3-media1.fl.yelpcdn.com/assets/2/www/img/5ef3eb3cb162/ico/stars/v1/stars_3_half.png'),
('(718) 886-2618', '2015-07-25 04:25:35', 'mogu-sushi-flushing', 'http://s3-media4.fl.yelpcdn.com/assets/2/www/img/c2f3dd9799a5/ico/stars/v1/stars_4.png'),
('(718) 886-2676', '2015-07-25 04:25:35', 'yu-garden-dumpling-house-flushing', 'http://s3-media4.fl.yelpcdn.com/assets/2/www/img/c2f3dd9799a5/ico/stars/v1/stars_4.png'),
('(718) 886-3026', '2015-07-25 04:25:36', 'zebra-lounge-flushing', 'http://s3-media2.fl.yelpcdn.com/assets/2/www/img/99493c12711e/ico/stars/v1/stars_4_half.png'),
('(718) 886-3118', '2015-07-25 04:25:36', 'tasty-roast-house-flushing', 'http://s3-media1.fl.yelpcdn.com/assets/2/www/img/5ef3eb3cb162/ico/stars/v1/stars_3_half.png'),
('(718) 886-3223', '2015-07-25 04:25:36', 'gahwa-korean-restaurant-flushing', 'http://s3-media4.fl.yelpcdn.com/assets/2/www/img/c2f3dd9799a5/ico/stars/v1/stars_4.png'),
('(718) 886-3266', '2015-07-25 05:43:14', 'taipan-snack-flushing', 'http://s3-media4.fl.yelpcdn.com/assets/2/www/img/c7fb9aff59f9/ico/stars/v1/stars_2_half.png'),
('(718) 886-3302', '2015-07-25 04:25:37', 'kulu-desserts-flushing', 'http://s3-media1.fl.yelpcdn.com/assets/2/www/img/5ef3eb3cb162/ico/stars/v1/stars_3_half.png'),
('(718) 886-3382', '2015-07-25 04:25:37', 'shi-li-xiang-new-york', 'http://s3-media3.fl.yelpcdn.com/assets/2/www/img/11e62fee886f/ico/stars/v1/stars_1_half.png'),
('(718) 886-3386', '2015-07-25 04:25:37', 'coco-fresh-tea-and-juice-flushing-2', 'http://s3-media1.fl.yelpcdn.com/assets/2/www/img/5ef3eb3cb162/ico/stars/v1/stars_3_half.png'),
('(718) 886-3622', '2015-07-25 04:25:38', 'yi-lan-halal-restaurant-flushing', 'http://s3-media3.fl.yelpcdn.com/assets/2/www/img/34bc8086841c/ico/stars/v1/stars_3.png'),
('(718) 886-4123', '2015-07-25 04:25:38', 'northern-sushi-and-sashimi-flushing', 'http://s3-media2.fl.yelpcdn.com/assets/2/www/img/99493c12711e/ico/stars/v1/stars_4_half.png'),
('(718) 886-4568', '2015-07-25 04:25:38', 'fay-da-bakery-flushing-2', 'http://s3-media1.fl.yelpcdn.com/assets/2/www/img/5ef3eb3cb162/ico/stars/v1/stars_3_half.png'),
('(718) 886-4733', '2015-07-25 04:25:38', 'sushi-village-bayside', 'http://s3-media3.fl.yelpcdn.com/assets/2/www/img/34bc8086841c/ico/stars/v1/stars_3.png'),
('(718) 886-4828', '2015-07-25 04:25:38', 'mamak-malaysia-flushing', 'http://s3-media3.fl.yelpcdn.com/assets/2/www/img/34bc8086841c/ico/stars/v1/stars_3.png'),
('(718) 886-4855', '2015-07-25 04:25:39', 'sunrise-diner-flushing', 'http://s3-media1.fl.yelpcdn.com/assets/2/www/img/5ef3eb3cb162/ico/stars/v1/stars_3_half.png'),
('(718) 886-5595', '2015-07-25 04:25:39', 'prince-noodle-house-flushing-2', 'http://s3-media3.fl.yelpcdn.com/assets/2/www/img/34bc8086841c/ico/stars/v1/stars_3.png'),
('(718) 886-6331', '2015-07-25 04:25:40', 'sentosa-malaysian-cuisine-flushing', 'http://s3-media1.fl.yelpcdn.com/assets/2/www/img/5ef3eb3cb162/ico/stars/v1/stars_3_half.png'),
('(718) 886-6610', '2015-07-25 04:25:40', 'haagen-dazs-shop-flushing', 'http://s3-media3.fl.yelpcdn.com/assets/2/www/img/34bc8086841c/ico/stars/v1/stars_3.png'),
('(718) 886-6693', '2015-07-25 04:25:40', 'lake-pavilion-flushing-2', 'http://s3-media3.fl.yelpcdn.com/assets/2/www/img/34bc8086841c/ico/stars/v1/stars_3.png'),
('(718) 886-6886', '2015-07-25 04:25:40', 'happy-karaoke-flushing', 'http://s3-media2.fl.yelpcdn.com/assets/2/www/img/99493c12711e/ico/stars/v1/stars_4_half.png'),
('(718) 886-7366', '2015-07-25 04:25:40', 'zebra-lounge-2-flushing', 'http://s3-media4.fl.yelpcdn.com/assets/2/www/img/c2f3dd9799a5/ico/stars/v1/stars_4.png'),
('(718) 886-8100', '2015-07-25 04:25:41', 'sukarak-flushing', 'http://s3-media1.fl.yelpcdn.com/assets/2/www/img/5ef3eb3cb162/ico/stars/v1/stars_3_half.png'),
('(718) 886-8233', '2015-07-25 04:25:41', 'dong-yi-feng-good-kitchen-seafood-restaurant-flushing', 'http://s3-media1.fl.yelpcdn.com/assets/2/www/img/5ef3eb3cb162/ico/stars/v1/stars_3_half.png'),
('(718) 886-8281', '2015-07-25 04:25:41', 'first-hot-pot-queens', 'http://s3-media4.fl.yelpcdn.com/assets/2/www/img/c7fb9aff59f9/ico/stars/v1/stars_2_half.png'),
('(718) 886-8526', '2015-07-25 04:25:41', 'mulan-flushing', 'http://s3-media3.fl.yelpcdn.com/assets/2/www/img/34bc8086841c/ico/stars/v1/stars_3.png'),
('(718) 886-8668', '2015-07-25 04:25:41', 'yu-sushi-bar-flushing', 'http://s3-media4.fl.yelpcdn.com/assets/2/www/img/c2f3dd9799a5/ico/stars/v1/stars_4.png'),
('(718) 886-8788', '2015-07-25 04:25:42', 'main-street-imperial-taiwanese-gourmet-flushing', 'http://s3-media4.fl.yelpcdn.com/assets/2/www/img/c2f3dd9799a5/ico/stars/v1/stars_4.png'),
('(718) 886-8895', '2015-07-25 04:25:42', 'pioneer-cuisine-flushing', 'http://s3-media4.fl.yelpcdn.com/assets/2/www/img/c2f3dd9799a5/ico/stars/v1/stars_4.png'),
('(718) 886-8972', '2015-07-25 04:25:43', 'grand-shanghai-restaurant-flushing', 'http://s3-media4.fl.yelpcdn.com/assets/2/www/img/c2f3dd9799a5/ico/stars/v1/stars_4.png'),
('(718) 886-9288', '2015-07-25 04:25:43', 'canton-gourmet-flushing', 'http://s3-media1.fl.yelpcdn.com/assets/2/www/img/5ef3eb3cb162/ico/stars/v1/stars_3_half.png'),
('(718) 886-9292', '2015-07-25 04:25:43', 'kim-chayuls-myung-poom-kalbi-murray-hill', 'http://s3-media1.fl.yelpcdn.com/assets/2/www/img/5ef3eb3cb162/ico/stars/v1/stars_3_half.png'),
('(718) 886-9500', '2015-07-25 04:25:44', 'tasty-sweety-corp-flushing', 'http://s3-media3.fl.yelpcdn.com/assets/2/www/img/34bc8086841c/ico/stars/v1/stars_3.png'),
('(718) 886-9880', '2015-07-25 05:43:23', 'river-japanese-cuisine-flushing', 'http://s3-media3.fl.yelpcdn.com/assets/2/www/img/34bc8086841c/ico/stars/v1/stars_3.png'),
('(718) 888-0001', '2015-07-25 04:25:44', 'geo-si-gi-flushing', 'http://s3-media4.fl.yelpcdn.com/assets/2/www/img/c2f3dd9799a5/ico/stars/v1/stars_4.png'),
('(718) 888-0011', '2015-07-25 04:25:44', 'maple-garden-flushing', 'http://s3-media3.fl.yelpcdn.com/assets/2/www/img/34bc8086841c/ico/stars/v1/stars_3.png'),
('(718) 888-0200', '2015-07-25 04:25:45', 'hansol-nutrition-center-flushing-2', 'http://s3-media4.fl.yelpcdn.com/assets/2/www/img/c2f3dd9799a5/ico/stars/v1/stars_4.png'),
('(718) 888-0589', '2015-07-25 04:25:45', 'yun-tian-lou-restaurant-flushing', 'http://s3-media1.fl.yelpcdn.com/assets/2/www/img/5ef3eb3cb162/ico/stars/v1/stars_3_half.png'),
('(718) 888-0633', '2015-07-25 04:25:45', 'sala-restaurant-flushing', 'http://s3-media4.fl.yelpcdn.com/assets/2/www/img/c2f3dd9799a5/ico/stars/v1/stars_4.png'),
('(718) 888-0711', '2015-07-25 04:25:45', 'dip-dip-hot-pot-flushing', 'http://s3-media3.fl.yelpcdn.com/assets/2/www/img/34bc8086841c/ico/stars/v1/stars_3.png'),
('(718) 888-0997', '2015-07-25 04:25:46', 'feng-mao-queens', 'http://s3-media2.fl.yelpcdn.com/assets/2/www/img/b561c24f8341/ico/stars/v1/stars_2.png'),
('(718) 888-1111', '2015-07-25 04:25:46', 'tai-pan-bakery-flushing', 'http://s3-media4.fl.yelpcdn.com/assets/2/www/img/c2f3dd9799a5/ico/stars/v1/stars_4.png'),
('(718) 888-1133', '2015-07-25 04:25:46', 'shogun-palace-flushing', 'http://s3-media4.fl.yelpcdn.com/assets/2/www/img/c7fb9aff59f9/ico/stars/v1/stars_2_half.png'),
('(718) 888-1245', '2015-07-25 04:25:46', 'myung-san-flushing-3', 'http://s3-media1.fl.yelpcdn.com/assets/2/www/img/f1def11e4e79/ico/stars/v1/stars_5.png'),
('(718) 888-1268', '2015-07-25 04:25:47', 'king-5-noodle-house-flushing', 'http://s3-media1.fl.yelpcdn.com/assets/2/www/img/5ef3eb3cb162/ico/stars/v1/stars_3_half.png'),
('(718) 888-1633', '2015-07-25 04:25:47', 'iris-tea-and-bakery-flushing', 'http://s3-media1.fl.yelpcdn.com/assets/2/www/img/5ef3eb3cb162/ico/stars/v1/stars_3_half.png'),
('(718) 888-1636', '2015-07-25 04:25:47', 'a-taste-of-shanghai-flushing', 'http://s3-media3.fl.yelpcdn.com/assets/2/www/img/34bc8086841c/ico/stars/v1/stars_3.png'),
('(718) 888-1781', '2015-07-25 04:25:47', 'shiny-tea-flushing', 'http://s3-media2.fl.yelpcdn.com/assets/2/www/img/99493c12711e/ico/stars/v1/stars_4_half.png'),
('(718) 888-3100', '2015-07-25 04:25:48', 'kimganae-korean-restaurant-flushing', 'http://s3-media4.fl.yelpcdn.com/assets/2/www/img/c2f3dd9799a5/ico/stars/v1/stars_4.png'),
('(718) 888-7713', '2015-07-25 04:25:48', 'biang-flushing', 'http://s3-media1.fl.yelpcdn.com/assets/2/www/img/5ef3eb3cb162/ico/stars/v1/stars_3_half.png'),
('(718) 888-7734', '2015-07-25 04:25:48', 'ga-hwa-restaurant-queens', 'http://s3-media1.fl.yelpcdn.com/assets/2/www/img/5ef3eb3cb162/ico/stars/v1/stars_3_half.png'),
('(718) 888-7790', '2015-07-25 04:25:48', 'modurang-cafe-flushing', 'http://s3-media2.fl.yelpcdn.com/assets/2/www/img/99493c12711e/ico/stars/v1/stars_4_half.png'),
('(718) 888-7892', '2015-07-25 04:25:49', 'zhen-wei-zhen-queens', 'http://s3-media3.fl.yelpcdn.com/assets/2/www/img/34bc8086841c/ico/stars/v1/stars_3.png'),
('(718) 888-7955', '2015-07-25 04:25:49', 'u-so-bo-so-korean-bbq-flushing', 'http://s3-media1.fl.yelpcdn.com/assets/2/www/img/5ef3eb3cb162/ico/stars/v1/stars_3_half.png'),
('(718) 888-8998', '2015-07-25 04:25:49', 'good-fortune-flushing-2', 'http://s3-media3.fl.yelpcdn.com/assets/2/www/img/34bc8086841c/ico/stars/v1/stars_3.png'),
('(718) 888-9295', '2015-07-25 04:25:50', 'sifu-chio-flushing', 'http://s3-media4.fl.yelpcdn.com/assets/2/www/img/c2f3dd9799a5/ico/stars/v1/stars_4.png'),
('(718) 888-9388', '2015-07-25 04:25:50', 'szechuan-gourmet-flushing', 'http://s3-media1.fl.yelpcdn.com/assets/2/www/img/5ef3eb3cb162/ico/stars/v1/stars_3_half.png'),
('(718) 888-9655', '2015-07-25 04:25:50', 'j-and-j-sandwich-king-flushing', 'http://s3-media1.fl.yelpcdn.com/assets/2/www/img/5ef3eb3cb162/ico/stars/v1/stars_3_half.png'),
('(718) 888-9890', '2015-07-25 04:25:51', 'fay-da-bakery-queens-2', 'http://s3-media1.fl.yelpcdn.com/assets/2/www/img/5ef3eb3cb162/ico/stars/v1/stars_3_half.png'),
('(718) 939-0003', '2015-07-25 05:43:30', 'il-bok-korean-restaurant-flushing', 'http://s3-media2.fl.yelpcdn.com/assets/2/www/img/99493c12711e/ico/stars/v1/stars_4_half.png'),
('(718) 939-0925', '2015-07-25 04:25:51', 'lotus-pad-flushing-2', 'http://s3-media4.fl.yelpcdn.com/assets/2/www/img/c2f3dd9799a5/ico/stars/v1/stars_4.png'),
('(718) 939-1188', '2015-07-25 04:25:51', 'new-bodai-vegetarian-flushing', 'http://s3-media4.fl.yelpcdn.com/assets/2/www/img/c2f3dd9799a5/ico/stars/v1/stars_4.png'),
('(718) 939-1616', '2015-07-25 04:25:52', 'kalamaki-gr-flushing-2', 'http://s3-media1.fl.yelpcdn.com/assets/2/www/img/5ef3eb3cb162/ico/stars/v1/stars_3_half.png'),
('(718) 939-2025', '2015-07-25 04:25:52', 'gui-lin-mi-fen-flushing', 'http://s3-media4.fl.yelpcdn.com/assets/2/www/img/c2f3dd9799a5/ico/stars/v1/stars_4.png'),
('(718) 939-2255', '2015-07-25 04:25:52', 'changs-family-restaurant-flushing', 'http://s3-media2.fl.yelpcdn.com/assets/2/www/img/99493c12711e/ico/stars/v1/stars_4_half.png'),
('(718) 939-2822', '2015-07-25 04:25:53', 'ai-lan-bakery-queens', 'http://s3-media3.fl.yelpcdn.com/assets/2/www/img/34bc8086841c/ico/stars/v1/stars_3.png'),
('(718) 939-2915', '2015-07-25 04:25:53', 'boulevard-deli-new-york', 'http://s3-media1.fl.yelpcdn.com/assets/2/www/img/5ef3eb3cb162/ico/stars/v1/stars_3_half.png'),
('(718) 939-3330', '2015-07-25 04:25:53', 'sunway-cafe-restaurant-flushing', 'http://s3-media3.fl.yelpcdn.com/assets/2/www/img/34bc8086841c/ico/stars/v1/stars_3.png'),
('(718) 939-3489', '2015-07-25 04:25:53', 'fried-dumpling-jie-jie-sheng-flushing', 'http://s3-media4.fl.yelpcdn.com/assets/2/www/img/c2f3dd9799a5/ico/stars/v1/stars_4.png'),
('(718) 939-3501', '2015-07-25 04:25:55', 'imperial-palace-flushing', 'http://s3-media4.fl.yelpcdn.com/assets/2/www/img/c2f3dd9799a5/ico/stars/v1/stars_4.png'),
('(718) 939-3633', '2015-07-25 04:25:55', 'spring-fish-village-flushing', 'http://s3-media4.fl.yelpcdn.com/assets/2/www/img/c2f3dd9799a5/ico/stars/v1/stars_4.png'),
('(718) 939-3808', '2015-07-25 04:25:55', 'mapo-szechuan-flushing', 'http://s3-media1.fl.yelpcdn.com/assets/2/www/img/5ef3eb3cb162/ico/stars/v1/stars_3_half.png'),
('(718) 939-5468', '2015-07-25 04:25:56', 'gu-shine-taiwanese-restaurant-flushing-2', 'http://s3-media4.fl.yelpcdn.com/assets/2/www/img/c2f3dd9799a5/ico/stars/v1/stars_4.png'),
('(718) 939-5520', '2015-07-25 04:25:56', 'phobang-restaurant-flushing', 'http://s3-media1.fl.yelpcdn.com/assets/2/www/img/5ef3eb3cb162/ico/stars/v1/stars_3_half.png'),
('(718) 939-5868', '2015-07-25 04:25:56', 'bonjuk-flushing', 'http://s3-media4.fl.yelpcdn.com/assets/2/www/img/c2f3dd9799a5/ico/stars/v1/stars_4.png'),
('(718) 939-7252', '2015-07-25 04:25:56', 'palazzo-grill-and-bar-flushing', 'http://s3-media1.fl.yelpcdn.com/assets/2/www/img/5ef3eb3cb162/ico/stars/v1/stars_3_half.png'),
('(718) 939-7374', '2015-07-25 04:25:57', 'nolbu-food-flushing-2', 'http://s3-media2.fl.yelpcdn.com/assets/2/www/img/99493c12711e/ico/stars/v1/stars_4_half.png'),
('(718) 939-7770', '2015-07-25 04:25:57', 'pho-32-flushing-2', 'http://s3-media3.fl.yelpcdn.com/assets/2/www/img/34bc8086841c/ico/stars/v1/stars_3.png'),
('(718) 939-7788', '2015-07-25 04:25:57', 'little-pepper-college-point', 'http://s3-media4.fl.yelpcdn.com/assets/2/www/img/c2f3dd9799a5/ico/stars/v1/stars_4.png'),
('(718) 939-8080', '2015-07-25 04:25:58', 'shin-hwang-je-topokki-flushing', 'http://s3-media1.fl.yelpcdn.com/assets/2/www/img/5ef3eb3cb162/ico/stars/v1/stars_3_half.png'),
('(718) 939-8999', '2015-07-25 04:25:58', 'arita-ichiban-flushing', 'http://s3-media1.fl.yelpcdn.com/assets/2/www/img/5ef3eb3cb162/ico/stars/v1/stars_3_half.png'),
('(718) 939-9292', '2015-07-25 04:25:58', 'kyochon-flushing', 'http://s3-media1.fl.yelpcdn.com/assets/2/www/img/5ef3eb3cb162/ico/stars/v1/stars_3_half.png'),
('(718) 961-0263', '2015-07-25 04:25:58', 'phil-and-sons-pizzeria-and-restaurant-flushing', 'http://s3-media1.fl.yelpcdn.com/assets/2/www/img/5ef3eb3cb162/ico/stars/v1/stars_3_half.png'),
('(718) 961-0800', '2015-07-25 04:25:59', 'jang-soo-chon-flushing', 'http://s3-media4.fl.yelpcdn.com/assets/2/www/img/c2f3dd9799a5/ico/stars/v1/stars_4.png'),
('(718) 961-1388', '2015-07-25 04:25:59', 'happy-garden-restaurant-flushing', 'http://s3-media3.fl.yelpcdn.com/assets/2/www/img/34bc8086841c/ico/stars/v1/stars_3.png'),
('(718) 961-1668', '2015-07-25 05:43:36', 'jin-cheng-restaurant-flushing', 'http://s3-media3.fl.yelpcdn.com/assets/2/www/img/34bc8086841c/ico/stars/v1/stars_3.png'),
('(718) 961-2322', '2015-07-25 04:26:00', 'white-bear-flushing', 'http://s3-media4.fl.yelpcdn.com/assets/2/www/img/c2f3dd9799a5/ico/stars/v1/stars_4.png'),
('(718) 961-2599', '2015-07-25 04:26:00', 'old-street-food-place-incorporated-flushing', 'http://s3-media1.fl.yelpcdn.com/assets/2/www/img/5ef3eb3cb162/ico/stars/v1/stars_3_half.png'),
('(718) 961-3094', '2015-07-25 04:26:00', 'yummy-house-flushing', 'http://s3-media4.fl.yelpcdn.com/assets/2/www/img/c7fb9aff59f9/ico/stars/v1/stars_2_half.png'),
('(718) 961-3122', '2015-07-25 04:26:00', 'xtra-cheese-pizza-flushing', 'http://s3-media2.fl.yelpcdn.com/assets/2/www/img/99493c12711e/ico/stars/v1/stars_4_half.png'),
('(718) 961-4444', '2015-07-25 04:26:01', 'java-day-cafe-flushing', 'http://s3-media2.fl.yelpcdn.com/assets/2/www/img/99493c12711e/ico/stars/v1/stars_4_half.png'),
('(718) 961-4742', '2015-07-25 04:26:01', 'na-moo-dol-flushing', 'http://s3-media2.fl.yelpcdn.com/assets/2/www/img/99493c12711e/ico/stars/v1/stars_4_half.png'),
('(718) 961-5100', '2015-07-25 04:26:01', 'dynasty-chinese-restaurant-flushing', 'http://s3-media4.fl.yelpcdn.com/assets/2/www/img/c2f3dd9799a5/ico/stars/v1/stars_4.png'),
('(718) 961-6161', '2015-07-25 04:26:01', 'b-b-s-pub-and-grill-flushing', 'http://s3-media1.fl.yelpcdn.com/assets/2/www/img/5ef3eb3cb162/ico/stars/v1/stars_3_half.png'),
('(718) 961-7500', '2015-07-25 04:26:02', 'mei-shi-lin-flushing', 'http://s3-media3.fl.yelpcdn.com/assets/2/www/img/34bc8086841c/ico/stars/v1/stars_3.png'),
('(718) 961-8877', '2015-07-25 04:26:02', 'hot-pot-house-flushing', 'http://s3-media3.fl.yelpcdn.com/assets/2/www/img/34bc8086841c/ico/stars/v1/stars_3.png'),
('(718) 961-8900', '2015-07-25 04:26:02', 'latin-bakery-restaurant-queens', 'http://s3-media4.fl.yelpcdn.com/assets/2/www/img/c2f3dd9799a5/ico/stars/v1/stars_4.png'),
('(917) 285-2052', '2015-07-25 05:43:39', 'guan-dong-yi-jia-flushing', 'http://s3-media4.fl.yelpcdn.com/assets/2/www/img/c7fb9aff59f9/ico/stars/v1/stars_2_half.png'),
('(917) 285-2223', '2015-07-25 04:26:03', 'sugar-sugar-flushing', 'http://s3-media4.fl.yelpcdn.com/assets/2/www/img/c2f3dd9799a5/ico/stars/v1/stars_4.png'),
('(917) 285-2516', '2015-07-25 04:26:03', 'icook-buffet-flushing', 'http://s3-media3.fl.yelpcdn.com/assets/2/www/img/34bc8086841c/ico/stars/v1/stars_3.png'),
('(917) 285-2521', '2015-07-25 04:26:03', 't-swirl-cr%C3%AApe-flushing-2', 'http://s3-media4.fl.yelpcdn.com/assets/2/www/img/c2f3dd9799a5/ico/stars/v1/stars_4.png'),
('(917) 285-2523', '2015-07-25 04:26:03', 'prince-tea-house-flushing-2', 'http://s3-media4.fl.yelpcdn.com/assets/2/www/img/c2f3dd9799a5/ico/stars/v1/stars_4.png'),
('(917) 285-2772', '2015-07-25 04:26:04', 'doraon-1-5-dak-galbi-flushing', 'http://s3-media4.fl.yelpcdn.com/assets/2/www/img/c2f3dd9799a5/ico/stars/v1/stars_4.png'),
('(917) 535-9099', '2015-07-25 04:26:04', 'mojoilla-fresh-flushing', 'http://s3-media1.fl.yelpcdn.com/assets/2/www/img/5ef3eb3cb162/ico/stars/v1/stars_3_half.png'),
('(917) 698-3683', '2015-07-25 04:26:04', 'yohielo-flushing', 'http://s3-media4.fl.yelpcdn.com/assets/2/www/img/c2f3dd9799a5/ico/stars/v1/stars_4.png'),
('(917) 698-6084', '2015-07-25 04:26:04', 'han-kou-steaks-and-appetizer-flushing-2', 'http://s3-media4.fl.yelpcdn.com/assets/2/www/img/c2f3dd9799a5/ico/stars/v1/stars_4.png');

--
-- Constraints for dumped tables
--

--
-- Constraints for table `description`
--
ALTER TABLE `description`
  ADD CONSTRAINT `description_ibfk_1` FOREIGN KEY (`phone`) REFERENCES `restaurants` (`phone`);

--
-- Constraints for table `geodata`
--
ALTER TABLE `geodata`
  ADD CONSTRAINT `geodata_ibfk_1` FOREIGN KEY (`phone`) REFERENCES `restaurants` (`phone`);

/*!40101 SET CHARACTER_SET_CLIENT=@OLD_CHARACTER_SET_CLIENT */;
/*!40101 SET CHARACTER_SET_RESULTS=@OLD_CHARACTER_SET_RESULTS */;
/*!40101 SET COLLATION_CONNECTION=@OLD_COLLATION_CONNECTION */;
